species_binomial,phylum,source
Callinectes sapidus,arthropoda,New England crab species
Cancer bellianus,arthropoda,New England crab species
Cancer borealis,arthropoda,New England crab species
Cancer irroratus,arthropoda,New England crab species
Carcinus maenas,arthropoda,New England crab species
Cancer pagurus,arthropoda,New England crab species
Hemigrapsus sanguineus,arthropoda,New England crab species
Hyas araneus,arthropoda,New England crab species
Leptuca pugilator,arthropoda,New England crab species
Libinia emarginata,arthropoda,New England crab species
Ovalipes ocellatus,arthropoda,New England crab species
Sesarma reticulatum,arthropoda,New England crab species
Uca pugnax,arthropoda,New England crab species
Uca pugilator,arthropoda,New England crab species
Pandalus borealis,arthropoda,New England shrimp species
Aristaeomorpha foliacea,arthropoda,New England shrimp species
Cerataspis monstrosus Gray,arthropoda,New England shrimp species
Hemipenaeus carpenteri,arthropoda,New England shrimp species
Hepomadus tener,arthropoda,New England shrimp species
Heterocarpus ensifer,arthropoda,New England shrimp species
Pandalus montagui,arthropoda,New England shrimp species
Farfantepenaeus aztecus,arthropoda,New England shrimp species
Squilla empusa,arthropoda,New England shrimp species
Stenopus scutellatus,arthropoda,New England shrimp species
Acanthodoris pilosa,mollusca,New England nudibranch
Aeolidia papillosa,mollusca,New England nudibranch
Cuthona concinna,mollusca,New England nudibranch
Cuthona gymnota,mollusca,New England nudibranch
Dendronotus frondosus,mollusca,New England nudibranch
Diaphoreolis viridis,mollusca,New England nudibranch
Doris pseudoargus,mollusca,New England nudibranch
Doto coronata,mollusca,New England nudibranch
Doto formosa,mollusca,New England nudibranch
Doto fragilis,mollusca,New England nudibranch
Eubranchus pallidus,mollusca,New England nudibranch
Eubranchus tricolor,mollusca,New England nudibranch
Facelina bostoniensis,mollusca,New England nudibranch
Fiona pinnata,mollusca,New England nudibranch
Flabellina pellucida,mollusca,New England nudibranch
Flabellina salmonacea,mollusca,New England nudibranch
Flabellina verrilli (not formally named),mollusca,New England nudibranch
Flabellina/ Coryphella verrucosa,mollusca,New England nudibranch
Okenia ascidicola,mollusca,New England nudibranch
Onchidoris bilamellata,mollusca,New England nudibranch
Onchidoris muricata,mollusca,New England nudibranch
Palio dubia,mollusca,New England nudibranch
Tritonia plebeia,mollusca,New England nudibranch
Zelentia pustulata,mollusca,New England nudibranch
Arctica islandica,mollusca,GoM bivalvia species list
Aequipecten irradians,mollusca,GoM bivalvia species list
Agriopoma morrhuanum,mollusca,GoM bivalvia species list
Ameripitaa morrhuana,mollusca,GoM bivalvia species list
Ameritella agilis,mollusca,GoM bivalvia species list
Anadara transversa,mollusca,GoM bivalvia species list
Anomia aculeata,mollusca,GoM bivalvia species list
Anomia simplex,mollusca,GoM bivalvia species list
Anomia sp.,mollusca,GoM bivalvia species list
Anomia squamula,mollusca,GoM bivalvia species list
Argopecten irradians,mollusca,GoM bivalvia species list
Arvella faba,mollusca,GoM bivalvia species list
Astarte borealis,mollusca,GoM bivalvia species list
Astarte castanea,mollusca,GoM bivalvia species list
Astarte crenata,mollusca,GoM bivalvia species list
Astarte elliptica,mollusca,GoM bivalvia species list
Astarte montagui,mollusca,GoM bivalvia species list
Astarte quadrans,mollusca,GoM bivalvia species list
Astarte striata,mollusca,GoM bivalvia species list
Astarte subaequilatera,mollusca,GoM bivalvia species list
Astarte undata,mollusca,GoM bivalvia species list
Axinopsida orbiculata,mollusca,GoM bivalvia species list
Barnea truncata,mollusca,GoM bivalvia species list
Bathyarca frielei,mollusca,GoM bivalvia species list
Bathyarca pectunculoides,mollusca,GoM bivalvia species list
Brachidontes modiolus,mollusca,GoM bivalvia species list
Cerastoderma pinnulatum,mollusca,GoM bivalvia species list
Chlamys islandica,mollusca,GoM bivalvia species list
Ciliatocardium ciliatum,mollusca,GoM bivalvia species list
Ciliatocardium ciliatum ciliatum,mollusca,GoM bivalvia species list
Cochlodesma leanum,mollusca,GoM bivalvia species list
Crassostrea virginica,mollusca,GoM bivalvia species list
Crenella decussata,mollusca,GoM bivalvia species list
Crenella glandula,mollusca,GoM bivalvia species list
Cumingia sinuosa,mollusca,GoM bivalvia species list
Cuspidaria glacialis,mollusca,GoM bivalvia species list
Cuspidaria obesa,mollusca,GoM bivalvia species list
Cuspidaria pellucida,mollusca,GoM bivalvia species list
Cyclocardia borealis,mollusca,GoM bivalvia species list
Cyclocardia novangliae,mollusca,GoM bivalvia species list
Cyclocardia truncata,mollusca,GoM bivalvia species list
Cyrtodaria siliqua,mollusca,GoM bivalvia species list
Elliptio complanata,mollusca,GoM bivalvia species list
Ennucula delphinodonta,mollusca,GoM bivalvia species list
Ennucula tenuis,mollusca,GoM bivalvia species list
Ensis directus,mollusca,GoM bivalvia species list
Ensis leei,mollusca,GoM bivalvia species list
Gemma gemma,mollusca,GoM bivalvia species list
Geukensia demissa,mollusca,GoM bivalvia species list
Heteranomia squamula,mollusca,GoM bivalvia species list
Hiatella arctica,mollusca,GoM bivalvia species list
Hiatella striata,mollusca,GoM bivalvia species list
Kellia suborbicularis,mollusca,GoM bivalvia species list
Kurtiella planulata,mollusca,GoM bivalvia species list
Lampsilis radiata,mollusca,GoM bivalvia species list
Limatula subauriculata,mollusca,GoM bivalvia species list
Limecola balthica,mollusca,GoM bivalvia species list
Lucinoma sp.,mollusca,GoM bivalvia species list
Lyonsia arenosa,mollusca,GoM bivalvia species list
Lyonsia hyalina,mollusca,GoM bivalvia species list
Macoma balthica,mollusca,GoM bivalvia species list
Macoma calcarea,mollusca,GoM bivalvia species list
Macoma sp.,mollusca,GoM bivalvia species list
Macoploma tenta,mollusca,GoM bivalvia species list
Mactromeris polynema,mollusca,GoM bivalvia species list
Mactromeris polynyma,mollusca,GoM bivalvia species list
Megayoldia thraciaeformis,mollusca,GoM bivalvia species list
Mercenaria mercenaria,mollusca,GoM bivalvia species list
Mesodesma arctatum,mollusca,GoM bivalvia species list
Mesodesma deauratum,mollusca,GoM bivalvia species list
Modiolus modiolus,mollusca,GoM bivalvia species list
Montacuta sp.,mollusca,GoM bivalvia species list
Mulinia lateralis,mollusca,GoM bivalvia species list
Musculus discors,mollusca,GoM bivalvia species list
Musculus glacialis,mollusca,GoM bivalvia species list
Musculus niger,mollusca,GoM bivalvia species list
Mya arenaria,mollusca,GoM bivalvia species list
Mya truncata,mollusca,GoM bivalvia species list
Mysella planulata,mollusca,GoM bivalvia species list
Mytilus edulis,mollusca,GoM bivalvia species list
Mytilus trossulus,mollusca,GoM bivalvia species list
Nucula delphinodonta,mollusca,GoM bivalvia species list
Nucula proxima,mollusca,GoM bivalvia species list
Nucula tenuis,mollusca,GoM bivalvia species list
Nuculana minuta,mollusca,GoM bivalvia species list
Nuculana pernula,mollusca,GoM bivalvia species list
Nuculana tenuisulcata,mollusca,GoM bivalvia species list
Ostrea edulis,mollusca,GoM bivalvia species list
Pandora glacialis,mollusca,GoM bivalvia species list
Pandora gouldiana,mollusca,GoM bivalvia species list
Pandora inornata,mollusca,GoM bivalvia species list
Pandora trilineata,mollusca,GoM bivalvia species list
Panomya norvegica,mollusca,GoM bivalvia species list
Parvicardium pinnulatum,mollusca,GoM bivalvia species list
Periploma aleuticum,mollusca,GoM bivalvia species list
Periploma fragile,mollusca,GoM bivalvia species list
Periploma leanum,mollusca,GoM bivalvia species list
Periploma papyratium,mollusca,GoM bivalvia species list
Petrasma borealis,mollusca,GoM bivalvia species list
Petricolaria pholadiformis,mollusca,GoM bivalvia species list
Phlyctiderma verrilli,mollusca,GoM bivalvia species list
Pitar morrhuanus,mollusca,GoM bivalvia species list
Placopecten magellanicus,mollusca,GoM bivalvia species list
Portlandia arctica,mollusca,GoM bivalvia species list
Serripes groenlandicus,mollusca,GoM bivalvia species list
Siliqua costata,mollusca,GoM bivalvia species list
Solamen glandula,mollusca,GoM bivalvia species list
Solemya borealis,mollusca,GoM bivalvia species list
Solemya velum,mollusca,GoM bivalvia species list
Spisula solidissima,mollusca,GoM bivalvia species list
Tellina agilis,mollusca,GoM bivalvia species list
Teredo navalis,mollusca,GoM bivalvia species list
Thracia conradi,mollusca,GoM bivalvia species list
Thracia myopsis,mollusca,GoM bivalvia species list
Thracia septentrionalis,mollusca,GoM bivalvia species list
Thyasira equalis,mollusca,GoM bivalvia species list
Thyasira flexuosa,mollusca,GoM bivalvia species list
Thyasira gouldii,mollusca,GoM bivalvia species list
Thyasira trisinuata,mollusca,GoM bivalvia species list
Turtonia minuta,mollusca,GoM bivalvia species list
Xylonora atlantica,mollusca,GoM bivalvia species list
Xylophaga dorsalis,mollusca,GoM bivalvia species list
Yoldia hyperborea,mollusca,GoM bivalvia species list
Yoldia limatula,mollusca,GoM bivalvia species list
Yoldia myalis,mollusca,GoM bivalvia species list
Yoldia sapotilla,mollusca,GoM bivalvia species list
Yoldiella nana,mollusca,GoM bivalvia species list
Zirfaea crispata,mollusca,GoM bivalvia species list
Podon polyphemoides,arthropoda,GoMA_census_fauna
Asterope abyssicola,arthropoda,GoMA_census_fauna
Cushmanidea seminuda,arthropoda,GoMA_census_fauna
Cypria exsculpta,arthropoda,GoMA_census_fauna
Cypricercus passaicus,arthropoda,GoMA_census_fauna
Cyprideis sorbyana,arthropoda,GoMA_census_fauna
Cypridopsis vidua,arthropoda,GoMA_census_fauna
Cytheretta tracyi,arthropoda,GoMA_census_fauna
Cythereis arenicola,arthropoda,GoMA_census_fauna
Cythereis concinna,arthropoda,GoMA_census_fauna
Cythereis dawsoni,arthropoda,GoMA_census_fauna
Cythereis dunelmensis,arthropoda,GoMA_census_fauna
Cythereis emarginata,arthropoda,GoMA_census_fauna
Cythereis leioderma,arthropoda,GoMA_census_fauna
Cythereis procteri,arthropoda,GoMA_census_fauna
Cytheropteron alatoides,arthropoda,GoMA_census_fauna
Cytheropteron pyramidale,arthropoda,GoMA_census_fauna
Cytherura undata,arthropoda,GoMA_census_fauna
Eucythere declivis,arthropoda,GoMA_census_fauna
Hirschamannia viridis,arthropoda,GoMA_census_fauna
Leptocythere angusta,arthropoda,GoMA_census_fauna
Leptocythere castanea,arthropoda,GoMA_census_fauna
Limnocythere reticulata,arthropoda,GoMA_census_fauna
Loxooxoncha bairdi,arthropoda,GoMA_census_fauna
Loxoxoncha guttata,arthropoda,GoMA_census_fauna
Palmenella americana,arthropoda,GoMA_census_fauna
Pterygocythereis inexpectata,arthropoda,GoMA_census_fauna
Sarsiella zostericola,arthropoda,GoMA_census_fauna
Acartia bifilosa,arthropoda,GoMA_census_fauna
Acartia hudsonica,arthropoda,GoMA_census_fauna
Acartia longiremis,arthropoda,GoMA_census_fauna
Acartia tonsa,arthropoda,GoMA_census_fauna
Aetideus armatus,arthropoda,GoMA_census_fauna
Anomalocera opalus,arthropoda,GoMA_census_fauna
Calanus finmarchicus,arthropoda,GoMA_census_fauna
Calanus hyperboreus,arthropoda,GoMA_census_fauna
Candacia armata,arthropoda,GoMA_census_fauna
Candacia norvegica,arthropoda,GoMA_census_fauna
Centropages hamatus,arthropoda,GoMA_census_fauna
Centropages typicus,arthropoda,GoMA_census_fauna
Euchaeta norvegica,arthropoda,GoMA_census_fauna
Euchirella rostrata,arthropoda,GoMA_census_fauna
Eurytemora americana,arthropoda,GoMA_census_fauna
Eurytemora herdmani,arthropoda,GoMA_census_fauna
Gaidius tenuispinus,arthropoda,GoMA_census_fauna
Labidocera aestiva,arthropoda,GoMA_census_fauna
Metridia longa,arthropoda,GoMA_census_fauna
Metridia lucens,arthropoda,GoMA_census_fauna
Nannocalanus minor,arthropoda,GoMA_census_fauna
Paracalanus parvus,arthropoda,GoMA_census_fauna
Pleuromamma robusta,arthropoda,GoMA_census_fauna
Pseudodiaptomus coronatus,arthropoda,GoMA_census_fauna
Rhincalanus nasutus,arthropoda,GoMA_census_fauna
Scolecithricella minor,arthropoda,GoMA_census_fauna
Scolecithrix danae,arthropoda,GoMA_census_fauna
Temora longicornis,arthropoda,GoMA_census_fauna
Temora stylifera,arthropoda,GoMA_census_fauna
Tortanus discaudatus,arthropoda,GoMA_census_fauna
Alteutha depressa,arthropoda,GoMA_census_fauna
Ameira curviseta,arthropoda,GoMA_census_fauna
Cletodes buchholtzi,arthropoda,GoMA_census_fauna
Ectinosoma sp.,arthropoda,GoMA_census_fauna
Harpacticus littoralis,arthropoda,GoMA_census_fauna
Laophonte trilobata,arthropoda,GoMA_census_fauna
Microsetella rosea,arthropoda,GoMA_census_fauna
Parathelestris pygmaea,arthropoda,GoMA_census_fauna
Thalestris gibba,arthropoda,GoMA_census_fauna
Thalestris longimana,arthropoda,GoMA_census_fauna
Doropygus sp.,arthropoda,GoMA_census_fauna
Notodelphys agilis,arthropoda,GoMA_census_fauna
Oithona plumifera,arthropoda,GoMA_census_fauna
Oithona similis,arthropoda,GoMA_census_fauna
Tropocyclops prasinus,arthropoda,GoMA_census_fauna
Chondracanthus merluccii,arthropoda,GoMA_census_fauna
Chondracanthus nodosus,arthropoda,GoMA_census_fauna
Diocus lycenchelus,arthropoda,GoMA_census_fauna
Ergasilus lizae,arthropoda,GoMA_census_fauna
Oncaea minuta,arthropoda,GoMA_census_fauna
Sapphirina gemma,arthropoda,GoMA_census_fauna
Monstrilla canadensis,arthropoda,GoMA_census_fauna
Alebion carchariae,arthropoda,GoMA_census_fauna
Anthosoma crassum,arthropoda,GoMA_census_fauna
Caligus curtus,arthropoda,GoMA_census_fauna
Caligus elongatus,arthropoda,GoMA_census_fauna
Caligus rufimaculatus,arthropoda,GoMA_census_fauna
Cecrops latreilli,arthropoda,GoMA_census_fauna
Charopinus dubius,arthropoda,GoMA_census_fauna
Clavella adunca,arthropoda,GoMA_census_fauna
Clavella uncinata,arthropoda,GoMA_census_fauna
Cavellisa cordata,arthropoda,GoMA_census_fauna
Clavellodes rugosus,arthropoda,GoMA_census_fauna
Dichelesthium oblongum,arthropoda,GoMA_census_fauna
Dinemoura latifolia,arthropoda,GoMA_census_fauna
Dinemoura producta,arthropoda,GoMA_census_fauna
Echthrogaleus coleoptratus,arthropoda,GoMA_census_fauna
Eudactylina corrugata,arthropoda,GoMA_census_fauna
Haemobaphes cyclopterina,arthropoda,GoMA_census_fauna
Kroyeria carchariaeglauci,arthropoda,GoMA_census_fauna
Lepeophtheirus edwardsi,arthropoda,GoMA_census_fauna
Lepeophtheirus hippoglossi,arthropoda,GoMA_census_fauna
Lepeophtheirus nordmanni,arthropoda,GoMA_census_fauna
Lepeophtheirus salmonis,arthropoda,GoMA_census_fauna
Lernaeenicus radiatus,arthropoda,GoMA_census_fauna
Neobrachiella rostrata,arthropoda,GoMA_census_fauna
Nesippus orientalis,arthropoda,GoMA_census_fauna
Orthagoriscola muricatus,arthropoda,GoMA_census_fauna
Pandarus cranchii,arthropoda,GoMA_census_fauna
Pandarus floridanus,arthropoda,GoMA_census_fauna
Pandarus sinuatus,arthropoda,GoMA_census_fauna
Philorthagoriscus serratus,arthropoda,GoMA_census_fauna
Peniculus clavatus,arthropoda,GoMA_census_fauna
Pennella balaenopterae,arthropoda,GoMA_census_fauna
Pennella filosa,arthropoda,GoMA_census_fauna
Phyllothyreus cornutus,arthropoda,GoMA_census_fauna
Salmincola salmoneus,arthropoda,GoMA_census_fauna
Sarcotretes eristaliformis,arthropoda,GoMA_census_fauna
Argulus funduli,arthropoda,GoMA_census_fauna
Argulus latus,arthropoda,GoMA_census_fauna
Balanus balanoides,arthropoda,GoMA_census_fauna
Balanus balanus,arthropoda,GoMA_census_fauna
Balanus crenatus,arthropoda,GoMA_census_fauna
Balanus eburneus,arthropoda,GoMA_census_fauna
Balanus hameri,arthropoda,GoMA_census_fauna
Conchoderma virgatum,arthropoda,GoMA_census_fauna
Dosima fascicularis,arthropoda,GoMA_census_fauna
Lepas anatifera,arthropoda,GoMA_census_fauna
Lepas anserifera,arthropoda,GoMA_census_fauna
Semibalanus balanoides,arthropoda,GoMA_census_fauna
Xenobalanus globicipitis,arthropoda,GoMA_census_fauna
Briarosaccus callosus,arthropoda,GoMA_census_fauna
Peltogaster paguri,arthropoda,GoMA_census_fauna
Anisomysis incisa,arthropoda,GoMA_census_fauna
Anisomysis laticauda,arthropoda,GoMA_census_fauna
Heteromysis formosa,arthropoda,GoMA_census_fauna
Mysis gaspensis,arthropoda,GoMA_census_fauna
Mysis mixta,arthropoda,GoMA_census_fauna
Mysis stenolepsis,arthropoda,GoMA_census_fauna
Praunus flexuosus,arthropoda,GoMA_census_fauna
Cyclaspis varians,arthropoda,GoMA_census_fauna
Diastylis cornuifer,arthropoda,GoMA_census_fauna
Diastylis lucifera,arthropoda,GoMA_census_fauna
Diastylis quadrispinosa,arthropoda,GoMA_census_fauna
Diastylis sculpta,arthropoda,GoMA_census_fauna
Eudorella truncatula,arthropoda,GoMA_census_fauna
Eudorellopsis sp.,arthropoda,GoMA_census_fauna
Lamprops fasciata,arthropoda,GoMA_census_fauna
Leucon americanus,arthropoda,GoMA_census_fauna
Leucon nasicoides,arthropoda,GoMA_census_fauna
Mancocuma stellifera,arthropoda,GoMA_census_fauna
Oxyurostylis smithi,arthropoda,GoMA_census_fauna
Oxyurostylis sp.,arthropoda,GoMA_census_fauna
Petalosarsia declivis,arthropoda,GoMA_census_fauna
Leptognathia gracilis,arthropoda,GoMA_census_fauna
Leptochelia rapax,arthropoda,GoMA_census_fauna
Aega psora,arthropoda,GoMA_census_fauna
Bopyroides hippolytes,arthropoda,GoMA_census_fauna
Caecognathia elongata,arthropoda,GoMA_census_fauna
Calathura brachiata,arthropoda,GoMA_census_fauna
Chiridotea caeca,arthropoda,GoMA_census_fauna
Chiridotea coeca,arthropoda,GoMA_census_fauna
Chiridotea tuftsii,arthropoda,GoMA_census_fauna
Cirolana concharum,arthropoda,GoMA_census_fauna
Cirolana polita,arthropoda,GoMA_census_fauna
Cyathura polita,arthropoda,GoMA_census_fauna
Edotia acuta,arthropoda,GoMA_census_fauna
Edotia montosa,arthropoda,GoMA_census_fauna
Edotia triloba,arthropoda,GoMA_census_fauna
Eurycope mutica,arthropoda,GoMA_census_fauna
Gnathia cerina,arthropoda,GoMA_census_fauna
Hemiarthrus abdominalis,arthropoda,GoMA_census_fauna
Idotea balthica,arthropoda,GoMA_census_fauna
Idotea metallica,arthropoda,GoMA_census_fauna
Idotea phosphorea,arthropoda,GoMA_census_fauna
Jaera albifrons,arthropoda,GoMA_census_fauna
Jaera marina,arthropoda,GoMA_census_fauna
Janira alta,arthropoda,GoMA_census_fauna
Ligia oceanica,arthropoda,GoMA_census_fauna
Limnoria lignorum,arthropoda,GoMA_census_fauna
Liriopsis sp.,arthropoda,GoMA_census_fauna
Littorophiloscia vittata,arthropoda,GoMA_census_fauna
Munna fabricii,arthropoda,GoMA_census_fauna
Munnopsis typica,arthropoda,GoMA_census_fauna
Politolana concharum,arthropoda,GoMA_census_fauna
Politolana polita,arthropoda,GoMA_census_fauna
Ptilanthura tenuis,arthropoda,GoMA_census_fauna
Rocinela americana,arthropoda,GoMA_census_fauna
Saduria sabini,arthropoda,GoMA_census_fauna
Synidotea marmorata,arthropoda,GoMA_census_fauna
Gnathophausia gigas,arthropoda,GoMA_census_fauna
Gnathophausia zoea,arthropoda,GoMA_census_fauna
Acanthohaustorius intermedius,arthropoda,GoMA_census_fauna
Acanthohaustorius millsi,arthropoda,GoMA_census_fauna
Acanthohaustorius virginiana,arthropoda,GoMA_census_fauna
Acanthonotozoma serratum,arthropoda,GoMA_census_fauna
Aeginella spinosa,arthropoda,GoMA_census_fauna
Argissa hamatipes,arthropoda,GoMA_census_fauna
Ampelisca aequicornis,arthropoda,GoMA_census_fauna
Ampelisca agassizi,arthropoda,GoMA_census_fauna
Ampelisca macrocephala,arthropoda,GoMA_census_fauna
Ampelisca vadorum,arthropoda,GoMA_census_fauna
Amphiporeia lawrenciana,arthropoda,GoMA_census_fauna
Ampithoe longimana,arthropoda,GoMA_census_fauna
Ampithoe rubicata,arthropoda,GoMA_census_fauna
Ampithoe valida,arthropoda,GoMA_census_fauna
Anonyx compactus,arthropoda,GoMA_census_fauna
Anonyx debruyni,arthropoda,GoMA_census_fauna
Anonyx lilljeborgi,arthropoda,GoMA_census_fauna
Anonyx nugax,arthropoda,GoMA_census_fauna
Anonyx sarsi,arthropoda,GoMA_census_fauna
Bathyporeia quoddyensis,arthropoda,GoMA_census_fauna
Byblis gaimardi,arthropoda,GoMA_census_fauna
Byblis serrata,arthropoda,GoMA_census_fauna
Calliopius laeviusculus,arthropoda,GoMA_census_fauna
Casco bigelowi,arthropoda,GoMA_census_fauna
Corophium acherusicum,arthropoda,GoMA_census_fauna
Corophium bonelli,arthropoda,GoMA_census_fauna
Corophium crassicorne,arthropoda,GoMA_census_fauna
Corophium insidiosum,arthropoda,GoMA_census_fauna
Corophium lacustre,arthropoda,GoMA_census_fauna
Corophium tuberculatum,arthropoda,GoMA_census_fauna
Corophium volutator,arthropoda,GoMA_census_fauna
Cymadusa compta,arthropoda,GoMA_census_fauna
Dexamine thea,arthropoda,GoMA_census_fauna
Dulichia arctica,arthropoda,GoMA_census_fauna
Dulichia monacantha,arthropoda,GoMA_census_fauna
Elasmopus laevis,arthropoda,GoMA_census_fauna
Epimeria loricata,arthropoda,GoMA_census_fauna
Erichthonius difformis,arthropoda,GoMA_census_fauna
Erichthonius rubricornis,arthropoda,GoMA_census_fauna
Eulimnogammarus obtusatus,arthropoda,GoMA_census_fauna
Eusirus cuspidatus,arthropoda,GoMA_census_fauna
Gammarellus angulosus,arthropoda,GoMA_census_fauna
Gammarellus homari,arthropoda,GoMA_census_fauna
Gammaropsis melanops,arthropoda,GoMA_census_fauna
Gammaropsis nitida,arthropoda,GoMA_census_fauna
Gammarus annulatus,arthropoda,GoMA_census_fauna
Gammarus duebeni,arthropoda,GoMA_census_fauna
Gammarus finmarchicus,arthropoda,GoMA_census_fauna
Gammarus lawrencianus,arthropoda,GoMA_census_fauna
Gammarus mucronatus,arthropoda,GoMA_census_fauna
Gammarus oceanicus,arthropoda,GoMA_census_fauna
Gammarus setosus,arthropoda,GoMA_census_fauna
Gammarus tigrinus,arthropoda,GoMA_census_fauna
Gronella groenlandica,arthropoda,GoMA_census_fauna
Haploops fundiensis,arthropoda,GoMA_census_fauna
Haploops setosa,arthropoda,GoMA_census_fauna
Haploops spinosa,arthropoda,GoMA_census_fauna
Haploops tubicola,arthropoda,GoMA_census_fauna
Harpinia crenulata,arthropoda,GoMA_census_fauna
Harpinia plumosa,arthropoda,GoMA_census_fauna
Harpinia propinqua,arthropoda,GoMA_census_fauna
Harpinia truncata,arthropoda,GoMA_census_fauna
Hippomedon propinquus,arthropoda,GoMA_census_fauna
Hippomedon serratus,arthropoda,GoMA_census_fauna
Hyalella azteca,arthropoda,GoMA_census_fauna
Hyale plumulosa,arthropoda,GoMA_census_fauna
Hyale prevostii,arthropoda,GoMA_census_fauna
Ischyrocerus anguipes,arthropoda,GoMA_census_fauna
Ischyrocerus megacheir,arthropoda,GoMA_census_fauna
Jassa falcata,arthropoda,GoMA_census_fauna
Jassa marmorata,arthropoda,GoMA_census_fauna
Jassa marmorea,arthropoda,GoMA_census_fauna
Lafystius sturionis,arthropoda,GoMA_census_fauna
Leptocheirus pinguis,arthropoda,GoMA_census_fauna
Listriella clymenellae,arthropoda,GoMA_census_fauna
Lycaea pulex,arthropoda,GoMA_census_fauna
Maera danae,arthropoda,GoMA_census_fauna
Marinogammarus finmarchicus,arthropoda,GoMA_census_fauna
Marinogammarus obtusatus,arthropoda,GoMA_census_fauna
Marinogammarus stoerensis,arthropoda,GoMA_census_fauna
Mayerella limicola,arthropoda,GoMA_census_fauna
Melita dentata,arthropoda,GoMA_census_fauna
Melphidippa goesi,arthropoda,GoMA_census_fauna
Metopa alderi,arthropoda,GoMA_census_fauna
Metopa boecki,arthropoda,GoMA_census_fauna
Metopa groenlandica,arthropoda,GoMA_census_fauna
Metopa solsbergi,arthropoda,GoMA_census_fauna
Metopella angusta,arthropoda,GoMA_census_fauna
Metopella carinata,arthropoda,GoMA_census_fauna
Microdeutopus gryllotalpa,arthropoda,GoMA_census_fauna
Monoculodes intermedius,arthropoda,GoMA_census_fauna
Monoculodes latimanus,arthropoda,GoMA_census_fauna
Monoculodes norvegicus,arthropoda,GoMA_census_fauna
Monoculodes packardi,arthropoda,GoMA_census_fauna
Monoculodes tuberculatus,arthropoda,GoMA_census_fauna
Orchestia gammarella,arthropoda,GoMA_census_fauna
Orchestia platensis,arthropoda,GoMA_census_fauna
Orchestia uhleri,arthropoda,GoMA_census_fauna
Orchomene macroserrata,arthropoda,GoMA_census_fauna
Orchomenella minuta,arthropoda,GoMA_census_fauna
Orchomenella pinguis,arthropoda,GoMA_census_fauna
Paramphithoe hystrix,arthropoda,GoMA_census_fauna
Paroediceros lynceus,arthropoda,GoMA_census_fauna
Photis macrocoxa,arthropoda,GoMA_census_fauna
Photis reinhardi,arthropoda,GoMA_census_fauna
Phoxocephalus holbolli,arthropoda,GoMA_census_fauna
Pleustes panoplus,arthropoda,GoMA_census_fauna
Pleusymtes glaber,arthropoda,GoMA_census_fauna
Podoceropsis nitida,arthropoda,GoMA_census_fauna
Pontogeneia inermis,arthropoda,GoMA_census_fauna
Proboloides holmesi,arthropoda,GoMA_census_fauna
Protohaustorius deichmannae,arthropoda,GoMA_census_fauna
Protohaustorius wigleyi,arthropoda,GoMA_census_fauna
Protoporeia femorata,arthropoda,GoMA_census_fauna
Psammonyx nobilis,arthropoda,GoMA_census_fauna
Pseudunciola obliquua,arthropoda,GoMA_census_fauna
Rhachotropis oculata,arthropoda,GoMA_census_fauna
Rhepoxynius epistomus,arthropoda,GoMA_census_fauna
Stegocephalus inflatus,arthropoda,GoMA_census_fauna
Stenopleustes gracilis,arthropoda,GoMA_census_fauna
Stenopleustes inermis,arthropoda,GoMA_census_fauna
Stenothoe minuta,arthropoda,GoMA_census_fauna
Stenula peltata,arthropoda,GoMA_census_fauna
Syrrhoe crenulata,arthropoda,GoMA_census_fauna
Talorchestia longicornis,arthropoda,GoMA_census_fauna
Talorchestia megalophthalma,arthropoda,GoMA_census_fauna
Unciola dissimilis,arthropoda,GoMA_census_fauna
Unciola inermis,arthropoda,GoMA_census_fauna
Unciola irrorata,arthropoda,GoMA_census_fauna
Unciola serrata,arthropoda,GoMA_census_fauna
Westwoodilla brevicalcar,arthropoda,GoMA_census_fauna
Aeginina longicornis,arthropoda,GoMA_census_fauna
Caprella equilibra,arthropoda,GoMA_census_fauna
Caprella linearis,arthropoda,GoMA_census_fauna
Caprella penantis,arthropoda,GoMA_census_fauna
Caprella septentrionalis,arthropoda,GoMA_census_fauna
Caprella unica,arthropoda,GoMA_census_fauna
Hyperia galba,arthropoda,GoMA_census_fauna
Hyperia medusarum,arthropoda,GoMA_census_fauna
Hyperoche medusarum,arthropoda,GoMA_census_fauna
Phronima sedentaria,arthropoda,GoMA_census_fauna
Themisto abyssorum,arthropoda,GoMA_census_fauna
Themisto compressa,arthropoda,GoMA_census_fauna
Themisto libellula,arthropoda,GoMA_census_fauna
Meganyctiphanes norvegica,arthropoda,GoMA_census_fauna
Thysannoessa gregaria,arthropoda,GoMA_census_fauna
Thysanoessa inermis,arthropoda,GoMA_census_fauna
Thysanoessa longicaudata,arthropoda,GoMA_census_fauna
Thysanoessa raschi,arthropoda,GoMA_census_fauna
Thysanopoda acutifrons,arthropoda,GoMA_census_fauna
Benthesicymus bartletti,arthropoda,GoMA_census_fauna
Gennadas elegans,arthropoda,GoMA_census_fauna
Gennadas valens,arthropoda,GoMA_census_fauna
Pleoticus robustus,arthropoda,GoMA_census_fauna
Lucifer faxoni,arthropoda,GoMA_census_fauna
Sergestes arcticus,arthropoda,GoMA_census_fauna
Sergia robusta,arthropoda,GoMA_census_fauna
Acanthephyra pelagica,arthropoda,GoMA_census_fauna
Acanthephyra purpurea,arthropoda,GoMA_census_fauna
Atlantopandalus propinqvus,arthropoda,GoMA_census_fauna
Bythocaris gracilis,arthropoda,GoMA_census_fauna
Bythocaris payeri,arthropoda,GoMA_census_fauna
Carcinus maenas,arthropoda,GoMA_census_fauna
Caridion gordoni,arthropoda,GoMA_census_fauna
Chaceon quinquedens,arthropoda,GoMA_census_fauna
Crangon septemspinosa,arthropoda,GoMA_census_fauna
Dichelopandalus leptocerus,arthropoda,GoMA_census_fauna
Eualus fabricii,arthropoda,GoMA_census_fauna
Eualus gaimardii,arthropoda,GoMA_census_fauna
Eualus gaimardii belcheri,arthropoda,GoMA_census_fauna
Eualus pusiolus,arthropoda,GoMA_census_fauna
Glyphocrangon longirostris,arthropoda,GoMA_census_fauna
Hymenodora glacialis,arthropoda,GoMA_census_fauna
Hippolyte coerulescens,arthropoda,GoMA_census_fauna
Latreutes fucorum,arthropoda,GoMA_census_fauna
Leander tenuicornis,arthropoda,GoMA_census_fauna
Lebbeus groenlandicus,arthropoda,GoMA_census_fauna
Lebbeus microceros,arthropoda,GoMA_census_fauna
Lebbeus polaris,arthropoda,GoMA_census_fauna
Leptochela papulata,arthropoda,GoMA_census_fauna
Metacrangon jacqueti,arthropoda,GoMA_census_fauna
Nematocarcinus cursor,arthropoda,GoMA_census_fauna
Nematocarcinus rotundus,arthropoda,GoMA_census_fauna
Oplophorus spinosus,arthropoda,GoMA_census_fauna
Palaemonetes pugio,arthropoda,GoMA_census_fauna
Palaemonetes vulgaris,arthropoda,GoMA_census_fauna
Pandalus borealis,arthropoda,GoMA_census_fauna
Pandalus montagui,arthropoda,GoMA_census_fauna
Parapasiphae sulcatifrons,arthropoda,GoMA_census_fauna
Pasiphaea multidentata,arthropoda,GoMA_census_fauna
Pasiphaea tarda,arthropoda,GoMA_census_fauna
Polycheles granulatus,arthropoda,GoMA_census_fauna
Polycheles validus,arthropoda,GoMA_census_fauna
Pontophilus brevirostris,arthropoda,GoMA_census_fauna
Pontophilus norvegicus,arthropoda,GoMA_census_fauna
Sabinea hystrix,arthropoda,GoMA_census_fauna
Sabinea sarsi,arthropoda,GoMA_census_fauna
Sabinea septemcarinata,arthropoda,GoMA_census_fauna
Sclerocrangon boreas,arthropoda,GoMA_census_fauna
Spirontocaris liljeborgii,arthropoda,GoMA_census_fauna
Spirontocaris phippsii,arthropoda,GoMA_census_fauna
Spirontocaris spinus,arthropoda,GoMA_census_fauna
Stereomastis sculpta,arthropoda,GoMA_census_fauna
Stylopandalus richardi,arthropoda,GoMA_census_fauna
Systellaspis debilis,arthropoda,GoMA_census_fauna
Homarus americanus,arthropoda,GoMA_census_fauna
Axius serratus,arthropoda,GoMA_census_fauna
Calocaris templemani,arthropoda,GoMA_census_fauna
Gilvossius setimanus,arthropoda,GoMA_census_fauna
Limulus polyphemus,arthropoda,GoMA_census_fauna
Lithodes maja,arthropoda,GoMA_census_fauna
Munida iris,arthropoda,GoMA_census_fauna
Munida tenuimana,arthropoda,GoMA_census_fauna
Munida valida,arthropoda,GoMA_census_fauna
Munidopsis curvirostra,arthropoda,GoMA_census_fauna
Pagurus acadianus,arthropoda,GoMA_census_fauna
Pagurus arcuatus,arthropoda,GoMA_census_fauna
Pagurus longicarpus,arthropoda,GoMA_census_fauna
Pagurus politus,arthropoda,GoMA_census_fauna
Pagurus pubescens,arthropoda,GoMA_census_fauna
Parapagurus pilosimanus,arthropoda,GoMA_census_fauna
Callinectes sapidus,arthropoda,GoMA_census_fauna
Cancer borealis,arthropoda,GoMA_census_fauna
Cancer irroratus,arthropoda,GoMA_census_fauna
Carcinus maenas,arthropoda,GoMA_census_fauna
Chionoecetes opilio,arthropoda,GoMA_census_fauna
Dyspanopeus sayi,arthropoda,GoMA_census_fauna
Eurypanopeus depressus,arthropoda,GoMA_census_fauna
Hemigrapsus sanguineus,arthropoda,GoMA_census_fauna
Hyas araneus,arthropoda,GoMA_census_fauna
Hyas coarctatus,arthropoda,GoMA_census_fauna
Libinia dubia,arthropoda,GoMA_census_fauna
Libinia emarginata,arthropoda,GoMA_census_fauna
Ocypode quadrata,arthropoda,GoMA_census_fauna
Panopeus herbstii,arthropoda,GoMA_census_fauna
Portunus sayi,arthropoda,GoMA_census_fauna
Rhithropanopeus harrisii,arthropoda,GoMA_census_fauna
Unionicola ypsilophora,arthropoda,GoMA_census_fauna
Achelia spinosa,arthropoda,GoMA_census_fauna
Anoplodactylus lentus,arthropoda,GoMA_census_fauna
Nymphon grossipes,arthropoda,GoMA_census_fauna
Nymphon hirtipes,arthropoda,GoMA_census_fauna
Nymphon longitarse,arthropoda,GoMA_census_fauna
Nymphon stroemi,arthropoda,GoMA_census_fauna
Nymphon tenellum,arthropoda,GoMA_census_fauna
Phoxichilidium femoratum,arthropoda,GoMA_census_fauna
Pseudopallene circularis,arthropoda,GoMA_census_fauna
Pseudopallene discoidea,arthropoda,GoMA_census_fauna
Pseudopallene hispida,arthropoda,GoMA_census_fauna
Pycnogonum littorale,arthropoda,GoMA_census_fauna
Tanystylum orbiculare,arthropoda,GoMA_census_fauna
Andracantha mergi,acanthocephala,GoMA_census_fauna
Arhythmorhynchus brevis,acanthocephala,GoMA_census_fauna
Bolbosoma turbinella,acanthocephala,GoMA_census_fauna
Bolbosoma vasculosum,acanthocephala,GoMA_census_fauna
Corynosoma constrictum,acanthocephala,GoMA_census_fauna
Corynosoma wegeneri,acanthocephala,GoMA_census_fauna
Echinorhynchus laurentianus,acanthocephala,GoMA_census_fauna
Neoechinorhynchus rostratum,acanthocephala,GoMA_census_fauna
Paratenuisentis ambiguus,acanthocephala,GoMA_census_fauna
Polymorphus acutis,acanthocephala,GoMA_census_fauna
Polymorphus altmani,acanthocephala,GoMA_census_fauna
Polymorphus botulus,acanthocephala,GoMA_census_fauna
Polymorphus kenti,acanthocephala,GoMA_census_fauna
Polymorphus major,acanthocephala,GoMA_census_fauna
Pomphorhynchus rocci,acanthocephala,GoMA_census_fauna
Acmira catherinae,annelida,GoMA_census_fauna
Acrocirrus leidyi,annelida,GoMA_census_fauna
Aglaophamus circinata,annelida,GoMA_census_fauna
Aglaophamus neotenus,annelida,GoMA_census_fauna
Amastigos caperatus,annelida,GoMA_census_fauna
Amblyosyllis cincinnata,annelida,GoMA_census_fauna
Amblyosyllis finmarchica,annelida,GoMA_census_fauna
Ampharete acutifrons,annelida,GoMA_census_fauna
Ampharete arctica,annelida,GoMA_census_fauna
Ampharete cirrata,annelida,GoMA_census_fauna
Ampharete trilobata,annelida,GoMA_census_fauna
Amphicteis gunneri,annelida,GoMA_census_fauna
Amphicteis floridus,annelida,GoMA_census_fauna
Amphitrite brunnea,annelida,GoMA_census_fauna
Amphitrite cirrata,annelida,GoMA_census_fauna
Amphitrite figulus,annelida,GoMA_census_fauna
Amphitrite johnstoni,annelida,GoMA_census_fauna
Amphitrite ornata,annelida,GoMA_census_fauna
Anaitides groenlandica,annelida,GoMA_census_fauna
Anaitides maculata,annelida,GoMA_census_fauna
Anaitides mucosa,annelida,GoMA_census_fauna
Anobothrus gracilis,annelida,GoMA_census_fauna
Aphrodita aculeata,annelida,GoMA_census_fauna
Aphrodita hastata,annelida,GoMA_census_fauna
Apistobranchus tullbergi,annelida,GoMA_census_fauna
Arabella iricolor,annelida,GoMA_census_fauna
Arenicola marina,annelida,GoMA_census_fauna
Aricidea nolani,annelida,GoMA_census_fauna
Aricidea (Allia) quadrilobata,annelida,GoMA_census_fauna
Aricidea (Allia) suecica,annelida,GoMA_census_fauna
Artacama proboscidea,annelida,GoMA_census_fauna
Asychis elongata,annelida,GoMA_census_fauna
Austrolaenilla mollis,annelida,GoMA_census_fauna
Autolytus cornutus,annelida,GoMA_census_fauna
Autolytus prismaticus,annelida,GoMA_census_fauna
Autolytus prolifera,annelida,GoMA_census_fauna
Autolytus varians,annelida,GoMA_census_fauna
Autolytus verrilli,annelida,GoMA_census_fauna
Brada granosa,annelida,GoMA_census_fauna
Brada setosa,annelida,GoMA_census_fauna
Brada sublaevis,annelida,GoMA_census_fauna
Brada villosa,annelida,GoMA_census_fauna
Bylgides elegans,annelida,GoMA_census_fauna
Capitella capitata,annelida,GoMA_census_fauna
Capitella sp.,annelida,GoMA_census_fauna
Capitellides giardi,annelida,GoMA_census_fauna
Caulleriella fragilis,annelida,GoMA_census_fauna
Chaetopterus variopedatus,annelida,GoMA_census_fauna
Chaetozone setosa,annelida,GoMA_census_fauna
Cirratulus cirratus,annelida,GoMA_census_fauna
Cirratulus grandis,annelida,GoMA_census_fauna
Clavodorum sp.,annelida,GoMA_census_fauna
Clymenella torquata,annelida,GoMA_census_fauna
Clymenella zonalis,annelida,GoMA_census_fauna
Cossura longocirrata,annelida,GoMA_census_fauna
Demonax microphthalmus,annelida,GoMA_census_fauna
Dexiospira spirillum,annelida,GoMA_census_fauna
Dipolydora quadrilobata,annelida,GoMA_census_fauna
Dodecaceria concharum,annelida,GoMA_census_fauna
Drilonereis longa,annelida,GoMA_census_fauna
Drilonereis magna,annelida,GoMA_census_fauna
Dysponetus pygmaeus,annelida,GoMA_census_fauna
Ephesiella minuta,annelida,GoMA_census_fauna
Eteone flava,annelida,GoMA_census_fauna
Eteone heteropoda,annelida,GoMA_census_fauna
Eteone lactea,annelida,GoMA_census_fauna
Eteone longa,annelida,GoMA_census_fauna
Eteone trilineata,annelida,GoMA_census_fauna
Euchone rubrocincta,annelida,GoMA_census_fauna
Euclymene zonalis,annelida,GoMA_census_fauna
Eulalia bilineata,annelida,GoMA_census_fauna
Eulalia viridis,annelida,GoMA_census_fauna
Eumida sanguinea,annelida,GoMA_census_fauna
Eunice norvegica,annelida,GoMA_census_fauna
Eunice pennata,annelida,GoMA_census_fauna
Eunoe nodosa,annelida,GoMA_census_fauna
Eunoe oerstedi,annelida,GoMA_census_fauna
Euphrosine borealis,annelida,GoMA_census_fauna
Eusyllis blomstrandi,annelida,GoMA_census_fauna
Exogone dispar,annelida,GoMA_census_fauna
Exogone hebes,annelida,GoMA_census_fauna
Exogone longicirrus,annelida,GoMA_census_fauna
Exogone verugera,annelida,GoMA_census_fauna
Fabricia sabella,annelida,GoMA_census_fauna
Filograna implexa,annelida,GoMA_census_fauna
Flabelligera affinis,annelida,GoMA_census_fauna
Flabelligera grubei,annelida,GoMA_census_fauna
Gattyana cirrosa,annelida,GoMA_census_fauna
Glycera capitata,annelida,GoMA_census_fauna
Glycera dibranchiata,annelida,GoMA_census_fauna
Goniada maculata,annelida,GoMA_census_fauna
Goniada norvegica,annelida,GoMA_census_fauna
Gyptis vittata,annelida,GoMA_census_fauna
Haploscoloplos fragilis,annelida,GoMA_census_fauna
Haploscoloplos robustus,annelida,GoMA_census_fauna
Harmothoe extenuata,annelida,GoMA_census_fauna
Harmothoe imbricata,annelida,GoMA_census_fauna
Hartmania moorei,annelida,GoMA_census_fauna
Heteromastus filiformis,annelida,GoMA_census_fauna
Hydroides dianthus,annelida,GoMA_census_fauna
Iphitime hartmanae,annelida,GoMA_census_fauna
Laetmonice filicornis,annelida,GoMA_census_fauna
Lagisca extenuata,annelida,GoMA_census_fauna
Lagisca rarispina,annelida,GoMA_census_fauna
Laonice cirrata,annelida,GoMA_census_fauna
Lepidasthenia commensalis,annelida,GoMA_census_fauna
Lepidonotus squamatus,annelida,GoMA_census_fauna
Levinsenia gracilis,annelida,GoMA_census_fauna
Lumbrinerides acuta,annelida,GoMA_census_fauna
Lumbrineris acicularum,annelida,GoMA_census_fauna
Lumbrineris brevipes,annelida,GoMA_census_fauna
Lumbrineris fragilis,annelida,GoMA_census_fauna
Lumbrineris hebes,annelida,GoMA_census_fauna
Lumbrineris impatiens,annelida,GoMA_census_fauna
Lumbrineris latreilli,annelida,GoMA_census_fauna
Lumbrineris tenuis,annelida,GoMA_census_fauna
Macrochaeta sexoculata,annelida,GoMA_census_fauna
Maldane sarsi,annelida,GoMA_census_fauna
Marenzelleria viridis,annelida,GoMA_census_fauna
Marphysa belli,annelida,GoMA_census_fauna
Melinna cristata,annelida,GoMA_census_fauna
Mesonerilla sp.,annelida,GoMA_census_fauna
Microphthalmus aberrans,annelida,GoMA_census_fauna
Microphthalmus pettiboneae,annelida,GoMA_census_fauna
Microphthalmus sczelkowii,annelida,GoMA_census_fauna
Myriochele heeri,annelida,GoMA_census_fauna
Myriochele oculata,annelida,GoMA_census_fauna
Mystides borealis,annelida,GoMA_census_fauna
Myxicola infundibulum,annelida,GoMA_census_fauna
Myxicola steenstrupi,annelida,GoMA_census_fauna
Naineris quadricuspida,annelida,GoMA_census_fauna
Neanthes acuminata,annelida,GoMA_census_fauna
Neanthes diversicolor,annelida,GoMA_census_fauna
Neanthes succinea,annelida,GoMA_census_fauna
Neanthes virens,annelida,GoMA_census_fauna
Neoamphitrite affinis,annelida,GoMA_census_fauna
Neoleanira tetragona,annelida,GoMA_census_fauna
Nephtys bucera,annelida,GoMA_census_fauna
Nephtys caeca,annelida,GoMA_census_fauna
Nephtys ciliata,annelida,GoMA_census_fauna
Nephtys discors,annelida,GoMA_census_fauna
Nephtys incisa,annelida,GoMA_census_fauna
Nephtys longosetosa,annelida,GoMA_census_fauna
Nephtys paradoxa,annelida,GoMA_census_fauna
Nephtys picta,annelida,GoMA_census_fauna
Nereimyra punctata,annelida,GoMA_census_fauna
Nereis diversicolor,annelida,GoMA_census_fauna
Nereis grayi,annelida,GoMA_census_fauna
Nereis pelagica,annelida,GoMA_census_fauna
Neris zonata,annelida,GoMA_census_fauna
Nerilla antennata,annelida,GoMA_census_fauna
Nicolea venustula,annelida,GoMA_census_fauna
Nicolea zostericola,annelida,GoMA_census_fauna
Nicomache lumbricalis,annelida,GoMA_census_fauna
Ninoe nigripes,annelida,GoMA_census_fauna
Nothria conchylega,annelida,GoMA_census_fauna
Notomastus latericeus,annelida,GoMA_census_fauna
Onuphis quadricuspis,annelida,GoMA_census_fauna
Ophelia bicornis,annelida,GoMA_census_fauna
Ophelia denticulata,annelida,GoMA_census_fauna
Ophelina acuminata,annelida,GoMA_census_fauna
Ophelina aulogaster,annelida,GoMA_census_fauna
Ophioglycera gigantea,annelida,GoMA_census_fauna
Ophryotrocha gracilis,annelida,GoMA_census_fauna
Orbinia ornata,annelida,GoMA_census_fauna
Orbinia swani,annelida,GoMA_census_fauna
Owenia fusiformis,annelida,GoMA_census_fauna
Parahesione bruneli,annelida,GoMA_census_fauna
Paramphinome jeffreysii,annelida,GoMA_census_fauna
Paranaitis speciosa,annelida,GoMA_census_fauna
Paraonis fulgens,annelida,GoMA_census_fauna
Paraonis lyra,annelida,GoMA_census_fauna
Parapionosyllis longicirrata,annelida,GoMA_census_fauna
Parougia caeca,annelida,GoMA_census_fauna
Pectinaria gouldi,annelida,GoMA_census_fauna
Pectinaria granulata,annelida,GoMA_census_fauna
Pherusa affinis,annelida,GoMA_census_fauna
Pherusa aspera,annelida,GoMA_census_fauna
Pherusa plumosa,annelida,GoMA_census_fauna
Pholoe minuta,annelida,GoMA_census_fauna
Phyllodoce badia,annelida,GoMA_census_fauna
Pista maculata,annelida,GoMA_census_fauna
Polycirrus eximius,annelida,GoMA_census_fauna
Polycirrus medusa,annelida,GoMA_census_fauna
Polycirrus phosphoreus,annelida,GoMA_census_fauna
Polydora ciliata,annelida,GoMA_census_fauna
Polydora concharum,annelida,GoMA_census_fauna
Polydora cornuta,annelida,GoMA_census_fauna
Polydora gracilis,annelida,GoMA_census_fauna
Polyphysia crassa,annelida,GoMA_census_fauna
Potamilla neglecta,annelida,GoMA_census_fauna
Potamilla reniformis,annelida,GoMA_census_fauna
Praxillella praetermissa,annelida,GoMA_census_fauna
Prionospio steenstrupi,annelida,GoMA_census_fauna
Prionospio tenuis,annelida,GoMA_census_fauna
Proceraea prismatica,annelida,GoMA_census_fauna
Protodorvillea kefersteini,annelida,GoMA_census_fauna
Protodorvillea n. sp.,annelida,GoMA_census_fauna
Protodriloides cf chaetifer,annelida,GoMA_census_fauna
Protodriloides chaetifer,annelida,GoMA_census_fauna
Protula tubularia,annelida,GoMA_census_fauna
Psammodrilus balanoglossoides,annelida,GoMA_census_fauna
Psammodrilus n. sp.,annelida,GoMA_census_fauna
Pygospio elegans,annelida,GoMA_census_fauna
Rhodine loveni,annelida,GoMA_census_fauna
Sabaco elongata,annelida,GoMA_census_fauna
Sabella crassicornis,annelida,GoMA_census_fauna
Sabellaria vulgaris,annelida,GoMA_census_fauna
Sabellides octocirrata,annelida,GoMA_census_fauna
Scalibregma inflatum,annelida,GoMA_census_fauna
Scalibregma minutum,annelida,GoMA_census_fauna
Schistomeringos caeca,annelida,GoMA_census_fauna
Scoloplos acutus,annelida,GoMA_census_fauna
Scoloplos armiger,annelida,GoMA_census_fauna
Scoloplos fragilis,annelida,GoMA_census_fauna
Scoloplos robustus,annelida,GoMA_census_fauna
Sigalion arenicola,annelida,GoMA_census_fauna
Sphaerodoridium claparedii,annelida,GoMA_census_fauna
Sphaerosyllis erinaceus,annelida,GoMA_census_fauna
Sphaerosyllis hystrix,annelida,GoMA_census_fauna
Spinther citrinus,annelida,GoMA_census_fauna
Spio filicornis,annelida,GoMA_census_fauna
Spio setosa,annelida,GoMA_census_fauna
Spiophanes bombyx,annelida,GoMA_census_fauna
Spiophanes wigleyi,annelida,GoMA_census_fauna
Spirorbis borealis,annelida,GoMA_census_fauna
Spirorbis granulatus,annelida,GoMA_census_fauna
Spirorbis violaceus,annelida,GoMA_census_fauna
Sternaspis fossor,annelida,GoMA_census_fauna
Sternaspis scutata,annelida,GoMA_census_fauna
Sthenelais limicola,annelida,GoMA_census_fauna
Streblospio benedicti,annelida,GoMA_census_fauna
Streptosyllis arenae,annelida,GoMA_census_fauna
Streptosyllis varians,annelida,GoMA_census_fauna
Stygocapitella subterranea,annelida,GoMA_census_fauna
Syllides benedicti,annelida,GoMA_census_fauna
Syllides convulota,annelida,GoMA_census_fauna
Syllides eburneus,annelida,GoMA_census_fauna
Syllides longocirrata,annelida,GoMA_census_fauna
Syllis cornuta,annelida,GoMA_census_fauna
Syllis gracilis,annelida,GoMA_census_fauna
Syllis hyalina,annelida,GoMA_census_fauna
Terebellides stroemi,annelida,GoMA_census_fauna
Tharyx acutus,annelida,GoMA_census_fauna
Tharyx similis,annelida,GoMA_census_fauna
Thelepus cincinnatus,annelida,GoMA_census_fauna
Tomopteris helgolandica,annelida,GoMA_census_fauna
Tomopteris septentrionalis,annelida,GoMA_census_fauna
Travisia carnea,annelida,GoMA_census_fauna
Travisiopsis levinseni,annelida,GoMA_census_fauna
Trilobodrilus n. sp.,annelida,GoMA_census_fauna
Trochochaeta multisetosa,annelida,GoMA_census_fauna
Trochochaeta watsoni,annelida,GoMA_census_fauna
Typosyllis pallida,annelida,GoMA_census_fauna
Vermilia serrula,annelida,GoMA_census_fauna
Zorus sarsi,annelida,GoMA_census_fauna
Austrobdella rapax,annelida,GoMA_census_fauna
Calliobdella nodulifera,annelida,GoMA_census_fauna
Calliobdella sp.,annelida,GoMA_census_fauna
Chaetogaster diastrophus,annelida,GoMA_census_fauna
Chaetogaster limnaei,annelida,GoMA_census_fauna
Clitellio arenareus,annelida,GoMA_census_fauna
Clitellio arenarius,annelida,GoMA_census_fauna
Enchytraeus albidus,annelida,GoMA_census_fauna
Gloiobdella elongata,annelida,GoMA_census_fauna
Glossiphonia complanata,annelida,GoMA_census_fauna
Helobdella stagnalis,annelida,GoMA_census_fauna
Lumbricillus lineatus,annelida,GoMA_census_fauna
Malmiana brunnea,annelida,GoMA_census_fauna
Marionina spicula,annelida,GoMA_census_fauna
Megadrite sp.,annelida,GoMA_census_fauna
Myzobdella lugubris,annelida,GoMA_census_fauna
Nais variabilis,annelida,GoMA_census_fauna
Oceanobdella microstoma,annelida,GoMA_census_fauna
Oxytonostoma typica,annelida,GoMA_census_fauna
Paranais litoralis,annelida,GoMA_census_fauna
Peloscolex benedeni,annelida,GoMA_census_fauna
Placobdella ornata,annelida,GoMA_census_fauna
Platybdella anarrhichae,annelida,GoMA_census_fauna
Ripistes parasita,annelida,GoMA_census_fauna
Slavina appendiculata,annelida,GoMA_census_fauna
Stylaria lacustris,annelida,GoMA_census_fauna
Tubifex longipenis,annelida,GoMA_census_fauna
Tubificoides benedii,annelida,GoMA_census_fauna
Vejdovskyella comata,annelida,GoMA_census_fauna
Terebratulina septentrionalis,branchiopoda,GoMA_census_fauna
Eukrohnia hamata,chaetognatha,GoMA_census_fauna
Parasagitta elegans,chaetognatha,GoMA_census_fauna
Pseudosagitta maxima,chaetognatha,GoMA_census_fauna
Serratosagitta serratodentata,chaetognatha,GoMA_census_fauna
Serratosagitta tasmanica,chaetognatha,GoMA_census_fauna
Fritillaria borealis,chordata,GoMA_census_fauna
Oikopleura labradoriensis,chordata,GoMA_census_fauna
Amaroucium constellatum,chordata,GoMA_census_fauna
Amaroucium glabrum,chordata,GoMA_census_fauna
Amaroucium pallidum,chordata,GoMA_census_fauna
Amaroucium spitzbergense,chordata,GoMA_census_fauna
Amaroucium stellatum,chordata,GoMA_census_fauna
Aplidium glabrum,chordata,GoMA_census_fauna
Aplidium pallidum,chordata,GoMA_census_fauna
Ascidiella aspera,chordata,GoMA_census_fauna
Ascidia callosa,chordata,GoMA_census_fauna
Ascidia prunum,chordata,GoMA_census_fauna
Boltenia echinata,chordata,GoMA_census_fauna
Boltenia ovifera,chordata,GoMA_census_fauna
Bostrichobranchus pilularis,chordata,GoMA_census_fauna
Botrylloides diegense,chordata,GoMA_census_fauna
Botryllus schlosseri,chordata,GoMA_census_fauna
Chelyosoma macleayanum,chordata,GoMA_census_fauna
Ciona intestinalis,chordata,GoMA_census_fauna
Cnemidocarpa mollis,chordata,GoMA_census_fauna
Dendrodoa carnea,chordata,GoMA_census_fauna
Dendrodoa grossularia,chordata,GoMA_census_fauna
Dendrodoa pulchella,chordata,GoMA_census_fauna
Didemnum albidum,chordata,GoMA_census_fauna
Didemnum candidum,chordata,GoMA_census_fauna
Distaplia clavata,chordata,GoMA_census_fauna
Halocynthia pyriformis,chordata,GoMA_census_fauna
Lissoclinum aureum,chordata,GoMA_census_fauna
Molgula arenata,chordata,GoMA_census_fauna
Molgula citrina,chordata,GoMA_census_fauna
Molgula complanata,chordata,GoMA_census_fauna
Molgula griffithsi,chordata,GoMA_census_fauna
Molgula manhattensis,chordata,GoMA_census_fauna
Molgula provisionalis,chordata,GoMA_census_fauna
Molgula retortiformis,chordata,GoMA_census_fauna
Molgula siphonalis,chordata,GoMA_census_fauna
Polycarpa fibrosa,chordata,GoMA_census_fauna
Styela coriacea,chordata,GoMA_census_fauna
Styela partita,chordata,GoMA_census_fauna
Trididemnum tenerum,chordata,GoMA_census_fauna
Iasis zonaria,chordata,GoMA_census_fauna
Salpa fusiformis,chordata,GoMA_census_fauna
Salpa sp.,chordata,GoMA_census_fauna
Thalia democratica,chordata,GoMA_census_fauna
Abietinaria abietina,cnidaria,GoMA_census_fauna
Abietinaria filicula,cnidaria,GoMA_census_fauna
Acaulis primarius,cnidaria,GoMA_census_fauna
Aequorea aequorea,cnidaria,GoMA_census_fauna
Aequorea albida,cnidaria,GoMA_census_fauna
Aglantha digitalis,cnidaria,GoMA_census_fauna
Aselomaris michaeli,cnidaria,GoMA_census_fauna
Bougainvillia superciliaris,cnidaria,GoMA_census_fauna
Calycella syringa,cnidaria,GoMA_census_fauna
Campanulina lacerata,cnidaria,GoMA_census_fauna
Campanularia groenlandica,cnidaria,GoMA_census_fauna
Campanularia volubilis,cnidaria,GoMA_census_fauna
Candelabrum phrygium,cnidaria,GoMA_census_fauna
Catablema vesicarium,cnidaria,GoMA_census_fauna
Clava multicornis,cnidaria,GoMA_census_fauna
Clytia gracilis,cnidaria,GoMA_census_fauna
Clytia hemisphaerica,cnidaria,GoMA_census_fauna
Corymorpha pendula,cnidaria,GoMA_census_fauna
Coryne sarsi,cnidaria,GoMA_census_fauna
Cuspidella costata,cnidaria,GoMA_census_fauna
Cuspidella grandis,cnidaria,GoMA_census_fauna
Cuspidella humilis,cnidaria,GoMA_census_fauna
Dicoryne conferta,cnidaria,GoMA_census_fauna
Dicoryne flexuosa,cnidaria,GoMA_census_fauna
Diphasia fallax,cnidaria,GoMA_census_fauna
Diphasia pinastrum,cnidaria,GoMA_census_fauna
Dynamena pumila,cnidaria,GoMA_census_fauna
Ectopleura crocea,cnidaria,GoMA_census_fauna
Ectopleura larynx,cnidaria,GoMA_census_fauna
Eucheilota ventricularis,cnidaria,GoMA_census_fauna
Eudendrium arbusculum,cnidaria,GoMA_census_fauna
Eudendrium capillare,cnidaria,GoMA_census_fauna
Eudendrium carneum,cnidaria,GoMA_census_fauna
Eudendrium cingulatum,cnidaria,GoMA_census_fauna
Eudendrium cochleatum,cnidaria,GoMA_census_fauna
Eudendrium dispar,cnidaria,GoMA_census_fauna
Eudendrium insigne,cnidaria,GoMA_census_fauna
Eudendrium ramosum,cnidaria,GoMA_census_fauna
Eudendrium tenellum,cnidaria,GoMA_census_fauna
Euphysa aurata,cnidaria,GoMA_census_fauna
Garveia groenlandica,cnidaria,GoMA_census_fauna
Gonionemus vertens,cnidaria,GoMA_census_fauna
Halammohydra octopodides,cnidaria,GoMA_census_fauna
Halecium articulosum,cnidaria,GoMA_census_fauna
Halecium beanii,cnidaria,GoMA_census_fauna
Halecium halecium,cnidaria,GoMA_census_fauna
Halecium muricatum,cnidaria,GoMA_census_fauna
Halecium sessile,cnidaria,GoMA_census_fauna
Halitiara formosa,cnidaria,GoMA_census_fauna
Halopsis ocellata,cnidaria,GoMA_census_fauna
Hybocodon pendulus,cnidaria,GoMA_census_fauna
Hybocodon prolifer,cnidaria,GoMA_census_fauna
Hydractinia americana,cnidaria,GoMA_census_fauna
Hydractinia borealis,cnidaria,GoMA_census_fauna
Hydractinia echinata,cnidaria,GoMA_census_fauna
Hydractinia polyclina,cnidaria,GoMA_census_fauna
Hydractinia valens,cnidaria,GoMA_census_fauna
Hydrallmania falcata,cnidaria,GoMA_census_fauna
Lafoea dumosa,cnidaria,GoMA_census_fauna
Lafoea gracillima,cnidaria,GoMA_census_fauna
Laomedea calceolifera,cnidaria,GoMA_census_fauna
Laomedea dichotoma,cnidaria,GoMA_census_fauna
Laomedea flexuosa,cnidaria,GoMA_census_fauna
Laomedea geniculata,cnidaria,GoMA_census_fauna
Laomedea gracilis,cnidaria,GoMA_census_fauna
Laomedea loveni,cnidaria,GoMA_census_fauna
Laomedea neglecta,cnidaria,GoMA_census_fauna
Lar sabellarum,cnidaria,GoMA_census_fauna
Leuckartiara octona,cnidaria,GoMA_census_fauna
Lytocarpia myriophyllum,cnidaria,GoMA_census_fauna
Melicertum octocostatum,cnidaria,GoMA_census_fauna
Mitrocomella polydiademata,cnidaria,GoMA_census_fauna
Nemertesia americana,cnidaria,GoMA_census_fauna
Nemertesia antennina,cnidaria,GoMA_census_fauna
Nemopsis bachei,cnidaria,GoMA_census_fauna
Obelia bidentata,cnidaria,GoMA_census_fauna
Obelia dichotoma,cnidaria,GoMA_census_fauna
Obelia geniculata,cnidaria,GoMA_census_fauna
Obelia longissima,cnidaria,GoMA_census_fauna
Opercularella lacerata,cnidaria,GoMA_census_fauna
Orthopyxis integra,cnidaria,GoMA_census_fauna
Pericladium mirabilis,cnidaria,GoMA_census_fauna
Phialidium bicophorum,cnidaria,GoMA_census_fauna
Phialidium languidum,cnidaria,GoMA_census_fauna
Physalia physalis,cnidaria,GoMA_census_fauna
Plumularia gracillima,cnidaria,GoMA_census_fauna
Podocoryne americana,cnidaria,GoMA_census_fauna
Podocoryne borealis,cnidaria,GoMA_census_fauna
Podocoryne carnea,cnidaria,GoMA_census_fauna
Polyplumaria gracillima,cnidaria,GoMA_census_fauna
Proboscidactyla sp.,cnidaria,GoMA_census_fauna
Ptotohydra leuckarti,cnidaria,GoMA_census_fauna
Ptychogena lactea,cnidaria,GoMA_census_fauna
Rathkea octopunctata,cnidaria,GoMA_census_fauna
Rhacostoma atlanticum,cnidaria,GoMA_census_fauna
Rhizocaulus verticillatus,cnidaria,GoMA_census_fauna
Rhizogeton fusiformis,cnidaria,GoMA_census_fauna
Sarsia lovenii,cnidaria,GoMA_census_fauna
Sarsia mirabilis,cnidaria,GoMA_census_fauna
Sarsia tubulosa,cnidaria,GoMA_census_fauna
Schizotricha tenella,cnidaria,GoMA_census_fauna
Selaginopsis cylindrica,cnidaria,GoMA_census_fauna
Sertularella polyzonias,cnidaria,GoMA_census_fauna
Sertularella rugosa,cnidaria,GoMA_census_fauna
Sertularia argentea,cnidaria,GoMA_census_fauna
Sertularia cupressina,cnidaria,GoMA_census_fauna
Sertularia similis,cnidaria,GoMA_census_fauna
Staurocoryne producta,cnidaria,GoMA_census_fauna
Staurophora mertensi,cnidaria,GoMA_census_fauna
Symplectoscyphus tricuspidatus,cnidaria,GoMA_census_fauna
Tamarisca tamarisca,cnidaria,GoMA_census_fauna
Thuiaria articulata,cnidaria,GoMA_census_fauna
Thuiaria laxa,cnidaria,GoMA_census_fauna
Tiaropsis multicirrata,cnidaria,GoMA_census_fauna
Tima formosa,cnidaria,GoMA_census_fauna
Tubularia indivisa,cnidaria,GoMA_census_fauna
Zanclea costata,cnidaria,GoMA_census_fauna
Agalma elegans,cnidaria,GoMA_census_fauna
Lensia conoidea,cnidaria,GoMA_census_fauna
Nanomia cara,cnidaria,GoMA_census_fauna
Physalia physalia,cnidaria,GoMA_census_fauna
Atolla wyvillei,cnidaria,GoMA_census_fauna
Aurelia aurita,cnidaria,GoMA_census_fauna
Aurelia limbata,cnidaria,GoMA_census_fauna
Cyanea capillata,cnidaria,GoMA_census_fauna
Pelagia noctiluca,cnidaria,GoMA_census_fauna
Periphylla periphylla,cnidaria,GoMA_census_fauna
Phacellophora camtschatica,cnidaria,GoMA_census_fauna
Craterolophus convolvulus,cnidaria,GoMA_census_fauna
Haliclystus auricula,cnidaria,GoMA_census_fauna
Haliclystus octoradiatus,cnidaria,GoMA_census_fauna
Haliclystus salpinx,cnidaria,GoMA_census_fauna
Halimocyathus lagena,cnidaria,GoMA_census_fauna
Halimocyathus platypus,cnidaria,GoMA_census_fauna
Halmocyathus lagena,cnidaria,GoMA_census_fauna
Lucernaria quadricornis,cnidaria,GoMA_census_fauna
Thaumatoscyphus atlanticus,cnidaria,GoMA_census_fauna
Actinia obtruncata,cnidaria,GoMA_census_fauna
Actinia sipunculoides,cnidaria,GoMA_census_fauna
Actinauge longicornis,cnidaria,GoMA_census_fauna
Actinauge rugosa,cnidaria,GoMA_census_fauna
Actinauge verrilli,cnidaria,GoMA_census_fauna
Actinostola callosa,cnidaria,GoMA_census_fauna
Adamsia sociabilis,cnidaria,GoMA_census_fauna
Aulactinia stella,cnidaria,GoMA_census_fauna
Bicidiopsis tubicola,cnidaria,GoMA_census_fauna
Diadumene leucolena,cnidaria,GoMA_census_fauna
Haliplanella lineata,cnidaria,GoMA_census_fauna
Edwardsia elegans,cnidaria,GoMA_census_fauna
Edwardsia farinacea,cnidaria,GoMA_census_fauna
Edwardsia lineata,cnidaria,GoMA_census_fauna
Edwardsia sipunculoides,cnidaria,GoMA_census_fauna
Gonactinia prolifera,cnidaria,GoMA_census_fauna
Halcampa duodecimcirrata,cnidaria,GoMA_census_fauna
Haloclava producta,cnidaria,GoMA_census_fauna
Hormathia digitata,cnidaria,GoMA_census_fauna
Homarthia tuberculosa,cnidaria,GoMA_census_fauna
Iyanthus laevis,cnidaria,GoMA_census_fauna
Mesacmaea laevis,cnidaria,GoMA_census_fauna
Metridium marginatum,cnidaria,GoMA_census_fauna
Metridium senile,cnidaria,GoMA_census_fauna
Nematostella vectensis,cnidaria,GoMA_census_fauna
Peachia parasitica,cnidaria,GoMA_census_fauna
Sagartiogeton verrilli,cnidaria,GoMA_census_fauna
Stephanauge abyssicola,cnidaria,GoMA_census_fauna
Stomphia coccinea,cnidaria,GoMA_census_fauna
Stomphia carneola,cnidaria,GoMA_census_fauna
Urticina consors,cnidaria,GoMA_census_fauna
Urticina felina,cnidaria,GoMA_census_fauna
Alcyonium digitatum,cnidaria,GoMA_census_fauna
Drifa glomerata,cnidaria,GoMA_census_fauna
Eunephthya rubiformis,cnidaria,GoMA_census_fauna
Gersemia carnea,cnidaria,GoMA_census_fauna
Gersemia fruticosa,cnidaria,GoMA_census_fauna
Gersemia rubiformis,cnidaria,GoMA_census_fauna
Arachnactis brachiolata,cnidaria,GoMA_census_fauna
Cerianthus borealis,cnidaria,GoMA_census_fauna
Acanthogorgia armata,cnidaria,GoMA_census_fauna
Anthothela grandiflora,cnidaria,GoMA_census_fauna
Keratoisis ornata,cnidaria,GoMA_census_fauna
Paragorgia arborea,cnidaria,GoMA_census_fauna
Paramuricea grandis,cnidaria,GoMA_census_fauna
Paramuricea placomus,cnidaria,GoMA_census_fauna
Primnoa reseda,cnidaria,GoMA_census_fauna
Primnoa resedaeformis,cnidaria,GoMA_census_fauna
Anthoptilum grandiflorum,cnidaria,GoMA_census_fauna
Lophelia pertusa,cnidaria,GoMA_census_fauna
Flabellum alabastrum,cnidaria,GoMA_census_fauna
Epizoanthus americanus,cnidaria,GoMA_census_fauna
Epizoanthus incrustatus,cnidaria,GoMA_census_fauna
Epizoanthus paguriphilus,cnidaria,GoMA_census_fauna
Hormiphora cucumis,ctenophora,GoMA_census_fauna
Bereo cucumis,ctenophora,GoMA_census_fauna
Bolinopsis infundibulum,ctenophora,GoMA_census_fauna
Mertensia ovum,ctenophora,GoMA_census_fauna
Pleurobrachia pileus,ctenophora,GoMA_census_fauna
Chiridota laevis,echinodermata,GoMA_census_fauna
Cucumaria frondosa,echinodermata,GoMA_census_fauna
Duasmodactyla commune,echinodermata,GoMA_census_fauna
Leptosynapta inhaerens,echinodermata,GoMA_census_fauna
Leptosynapta roseola,echinodermata,GoMA_census_fauna
Psolus fabricii,echinodermata,GoMA_census_fauna
Psolus phantapus,echinodermata,GoMA_census_fauna
Rhabdomolgus fuscus,echinodermata,GoMA_census_fauna
Sclerodactyla briareus,echinodermata,GoMA_census_fauna
Stereoderma unisemita,echinodermata,GoMA_census_fauna
Thyonidium drummondi,echinodermata,GoMA_census_fauna
Asterias forbesi,echinodermata,GoMA_census_fauna
Asterias rubens,echinodermata,GoMA_census_fauna
Ceramaster granularis,echinodermata,GoMA_census_fauna
Crossaster papposus,echinodermata,GoMA_census_fauna
Ctenodiscus crispatus,echinodermata,GoMA_census_fauna
Gorgonocephalus arcticus,echinodermata,GoMA_census_fauna
Henricia eschrichti,echinodermata,GoMA_census_fauna
Henricia sanguinolenta,echinodermata,GoMA_census_fauna
Hippasteria phrygiana,echinodermata,GoMA_census_fauna
Leptasterias groenlandica,echinodermata,GoMA_census_fauna
Leptasterias littoralis,echinodermata,GoMA_census_fauna
Leptasterias muelleri,echinodermata,GoMA_census_fauna
Leptasterias polaris,echinodermata,GoMA_census_fauna
Leptasterias tenera,echinodermata,GoMA_census_fauna
Pontaster tenuispinus,echinodermata,GoMA_census_fauna
Porania pulvillus insignis,echinodermata,GoMA_census_fauna
Pteraster militaris,echinodermata,GoMA_census_fauna
Pteraster pulvillus,echinodermata,GoMA_census_fauna
Solaster endeca,echinodermata,GoMA_census_fauna
Stephanasterias albula,echinodermata,GoMA_census_fauna
Urasterias lincki,echinodermata,GoMA_census_fauna
Cidaris cidaris,echinodermata,GoMA_census_fauna
Echinarachnius parma,echinodermata,GoMA_census_fauna
Strongylocentrotus droebachiensis,echinodermata,GoMA_census_fauna
Amphipholis squamata,echinodermata,GoMA_census_fauna
Ophiacantha bidentata,echinodermata,GoMA_census_fauna
Ophiomitrella clavigera,echinodermata,GoMA_census_fauna
Ophiomusium lymani,echinodermata,GoMA_census_fauna
Ophiopholis aculeata,echinodermata,GoMA_census_fauna
Ophiura robusta,echinodermata,GoMA_census_fauna
Ophiura sarsi,echinodermata,GoMA_census_fauna
Thalassema viride,annelida,GoMA_census_fauna
Aetea anguina,bryozoan,GoMA_census_fauna
Aeverrillia armata,bryozoan,GoMA_census_fauna
Aeverrillia setigera,bryozoan,GoMA_census_fauna
Alcyonidium hirsutum,bryozoan,GoMA_census_fauna
Alcyonidium polyoum,bryozoan,GoMA_census_fauna
Barentsia major,bryozoan,GoMA_census_fauna
Bowerbankia gracilis,bryozoan,GoMA_census_fauna
Bugula fulva,bryozoan,GoMA_census_fauna
Bugula simplex,bryozoan,GoMA_census_fauna
Bugula turrita,bryozoan,GoMA_census_fauna
Caberea ellisii,bryozoan,GoMA_census_fauna
Callopora aurita,bryozoan,GoMA_census_fauna
Callopora craticula,bryozoan,GoMA_census_fauna
Callopora dumerilii,bryozoan,GoMA_census_fauna
Callopora whiteavesii,bryozoan,GoMA_census_fauna
Cauloramphus cymbaeformis,bryozoan,GoMA_census_fauna
Cellepora hyalina,bryozoan,GoMA_census_fauna
Conopeum reticulum,bryozoan,GoMA_census_fauna
Cribrilina annulata,bryozoan,GoMA_census_fauna
Cribrilina pallasiana,bryozoan,GoMA_census_fauna
Crisia cribraria,bryozoan,GoMA_census_fauna
Crisia denticulata,bryozoan,GoMA_census_fauna
Crisia eburnea,bryozoan,GoMA_census_fauna
Cryptosula pallasiana,bryozoan,GoMA_census_fauna
Dendrobeania decorata,bryozoan,GoMA_census_fauna
Dendrobeania fruticosa,bryozoan,GoMA_census_fauna
Dendrobeania murrayana,bryozoan,GoMA_census_fauna
Electra arctica,bryozoan,GoMA_census_fauna
Electra crustulenta,bryozoan,GoMA_census_fauna
Electra monostachys,bryozoan,GoMA_census_fauna
Electra pilosa,bryozoan,GoMA_census_fauna
Entalophoroecia deflexa,bryozoan,GoMA_census_fauna
Escharella immersa,bryozoan,GoMA_census_fauna
Eucratea loricata,bryozoan,GoMA_census_fauna
Flustrellidra hispida,bryozoan,GoMA_census_fauna
Hippoporina contracta,bryozoan,GoMA_census_fauna
Hippoporina hylina,bryozoan,GoMA_census_fauna
Hippoporina propinqua,bryozoan,GoMA_census_fauna
Hippoporina reticulatopunctata,bryozoan,GoMA_census_fauna
Hippothoa hyalina,bryozoan,GoMA_census_fauna
Lichenopora hispida,bryozoan,GoMA_census_fauna
Lichenopora verrucaria,bryozoan,GoMA_census_fauna
Membranipora sp.,bryozoan,GoMA_census_fauna
Membranipora tenuis,bryozoan,GoMA_census_fauna
Microporella ciliata,bryozoan,GoMA_census_fauna
Myriapora subgracila,bryozoan,GoMA_census_fauna
Nolella stipata,bryozoan,GoMA_census_fauna
Oncousoecia diastroporides,bryozoan,GoMA_census_fauna
Pedicellina cernua,bryozoan,GoMA_census_fauna
Porella smitti,bryozoan,GoMA_census_fauna
Porelloides laevis,bryozoan,GoMA_census_fauna
Posterula sarsi,bryozoan,GoMA_census_fauna
Pseudoflustra solida,bryozoan,GoMA_census_fauna
Rhamphostomella bilaminata,bryozoan,GoMA_census_fauna
Rhamphostomella costata,bryozoan,GoMA_census_fauna
Rhamphostomella scabra,bryozoan,GoMA_census_fauna
Schizomavella auriculata,bryozoan,GoMA_census_fauna
Schizoporella biperta,bryozoan,GoMA_census_fauna
Schizoporella obesa,bryozoan,GoMA_census_fauna
Schizoporella unicornis,bryozoan,GoMA_census_fauna
Stegohornera violacea,bryozoan,GoMA_census_fauna
Tegella unicornis,bryozoan,GoMA_census_fauna
Tricellaria gracilis,bryozoan,GoMA_census_fauna
Tricellaria peachii,bryozoan,GoMA_census_fauna
Triticella pedicellata,bryozoan,GoMA_census_fauna
Tricellaria ternata,bryozoan,GoMA_census_fauna
Tubulipora liliacea,bryozoan,GoMA_census_fauna
Turbicellepora canaliculata,bryozoan,GoMA_census_fauna
Protoglossus graveolens,hemichordata,GoMA_census_fauna
Rhabdopleura compacta,hemichordata,GoMA_census_fauna
Saccoglossus bromophenolosus,hemichordata,GoMA_census_fauna
Saccoglossus kowalevskii,hemichordata,GoMA_census_fauna
Stereobalanus canadensis,hemichordata,GoMA_census_fauna
Amicula vestita,mollusca,GoMA_census_fauna
Chaetoderma canadense,mollusca,GoMA_census_fauna
Chaetoderma nitidulum,mollusca,GoMA_census_fauna
Hanleya dalli,mollusca,GoMA_census_fauna
Hanleya hanleyi,mollusca,GoMA_census_fauna
Hanleya mendicaria,mollusca,GoMA_census_fauna
Hanleya negalfar,mollusca,GoMA_census_fauna
Ischnochiton albus,mollusca,GoMA_census_fauna
Ischnochiton ruber,mollusca,GoMA_census_fauna
Lepidopleurus articus,mollusca,GoMA_census_fauna
Lepidopleurus cancellatus,mollusca,GoMA_census_fauna
Tonicella marmorea,mollusca,GoMA_census_fauna
Tonicella rubra,mollusca,GoMA_census_fauna
Acirsa borealis,mollusca,GoMA_census_fauna
Acirsa eschrichi,mollusca,GoMA_census_fauna
Aclis striata,mollusca,GoMA_census_fauna
Aclis verrilli,mollusca,GoMA_census_fauna
Admete couthouyi,mollusca,GoMA_census_fauna
Admete viridula,mollusca,GoMA_census_fauna
Alderia modesta,mollusca,GoMA_census_fauna
Alvania areolata,mollusca,GoMA_census_fauna
Alvania exarata,mollusca,GoMA_census_fauna
Alvania multilineata,mollusca,GoMA_census_fauna
Alvania pseudoareolata,mollusca,GoMA_census_fauna
Amauropsis islandica,mollusca,GoMA_census_fauna
Amnicola limosus,mollusca,GoMA_census_fauna
Amphissa acutecostata,mollusca,GoMA_census_fauna
Amphissa haliaeeti,mollusca,GoMA_census_fauna
Anachis lafresnayi,mollusca,GoMA_census_fauna
Anatoma crispata,mollusca,GoMA_census_fauna
Aporrhais occidentalis,mollusca,GoMA_census_fauna
Astyris lunata,mollusca,GoMA_census_fauna
Astyris rosacea,mollusca,GoMA_census_fauna
Astyris zonalis,mollusca,GoMA_census_fauna
Benthonella tenella,mollusca,GoMA_census_fauna
Bittiolum alternatum,mollusca,GoMA_census_fauna
Bittium alternatum,mollusca,GoMA_census_fauna
Boonea bisuturalis,mollusca,GoMA_census_fauna
Boonea seminuda,mollusca,GoMA_census_fauna
Boreotrophon clathratus,mollusca,GoMA_census_fauna
Boreotrophon truncatus,mollusca,GoMA_census_fauna
Buccinum abyssorum,mollusca,GoMA_census_fauna
Buccinum ciliatum,mollusca,GoMA_census_fauna
Buccinum polaris,mollusca,GoMA_census_fauna
Buccinum totteni,mollusca,GoMA_census_fauna
Buccinum undatum,mollusca,GoMA_census_fauna
Bulbus smithii,mollusca,GoMA_census_fauna
Caecum pulchellum,mollusca,GoMA_census_fauna
Calliostoma bairdi,mollusca,GoMA_census_fauna
Calliostoma occidentale,mollusca,GoMA_census_fauna
Calliotropis regalis,mollusca,GoMA_census_fauna
Capulus ungaricus,mollusca,GoMA_census_fauna
Cavolinia gibbosa,mollusca,GoMA_census_fauna
Cavolinia inflexa,mollusca,GoMA_census_fauna
Cavolinia longirostris,mollusca,GoMA_census_fauna
Cavolinia tridenta,mollusca,GoMA_census_fauna
Cavolinia uncinata,mollusca,GoMA_census_fauna
Cerithiopsis costulatum,mollusca,GoMA_census_fauna
Cerithiopsis greeni,mollusca,GoMA_census_fauna
Clio pyramidata,mollusca,GoMA_census_fauna
Clione limacina,mollusca,GoMA_census_fauna
Colus brevicaudata,mollusca,GoMA_census_fauna
Colus islandicus,mollusca,GoMA_census_fauna
Colus pubescens,mollusca,GoMA_census_fauna
Colus pygmaeus,mollusca,GoMA_census_fauna
Colus sabinii,mollusca,GoMA_census_fauna
Colus stimpsoni,mollusca,GoMA_census_fauna
Colus ventricosus,mollusca,GoMA_census_fauna
Costoanachis lafresnayi,mollusca,GoMA_census_fauna
Couthouyella striatula,mollusca,GoMA_census_fauna
Crepidula convexa,mollusca,GoMA_census_fauna
Crepidula fornicata,mollusca,GoMA_census_fauna
Crepidula plana,mollusca,GoMA_census_fauna
Creseis acicula,mollusca,GoMA_census_fauna
Creseis virgula,mollusca,GoMA_census_fauna
Cryptonatica affinis,mollusca,GoMA_census_fauna
Crucibulum striatum,mollusca,GoMA_census_fauna
Curtitoma decussata,mollusca,GoMA_census_fauna
Curtitoma hebes,mollusca,GoMA_census_fauna
Curtitoma incisula,mollusca,GoMA_census_fauna
Curtitoma reticulata,mollusca,GoMA_census_fauna
Curtitoma violacea,mollusca,GoMA_census_fauna
Cuvierina columnella,mollusca,GoMA_census_fauna
Diacria trispinosa,mollusca,GoMA_census_fauna
Elysia catulus,mollusca,GoMA_census_fauna
Elysia chlorotica,mollusca,GoMA_census_fauna
Epitonium greenlandicum,mollusca,GoMA_census_fauna
Epitonium rupicola,mollusca,GoMA_census_fauna
Ercolania fuscata,mollusca,GoMA_census_fauna
Eulimella polita,mollusca,GoMA_census_fauna
Eumetula arctica,mollusca,GoMA_census_fauna
Euspira heros,mollusca,GoMA_census_fauna
Euspira immaculata,mollusca,GoMA_census_fauna
Euspira levicula,mollusca,GoMA_census_fauna
Euspira nana,mollusca,GoMA_census_fauna
Euspira pallida,mollusca,GoMA_census_fauna
Euspira triseriata,mollusca,GoMA_census_fauna
Fargoa bartschi,mollusca,GoMA_census_fauna
Fargoa gibbosa,mollusca,GoMA_census_fauna
Fissurisepta profundi,mollusca,GoMA_census_fauna
Frigidoalvania brychia,mollusca,GoMA_census_fauna
Frigidoalvania pelagica,mollusca,GoMA_census_fauna
Gyraulus deflectus,mollusca,GoMA_census_fauna
Hedylopsis riseri,mollusca,GoMA_census_fauna
Helisoma anceps,mollusca,GoMA_census_fauna
Helisoma companulatum,mollusca,GoMA_census_fauna
Hyalocylis striata,mollusca,GoMA_census_fauna
Hydrobia totteni,mollusca,GoMA_census_fauna
Hydrobia truncata,mollusca,GoMA_census_fauna
Janthina janthina,mollusca,GoMA_census_fauna
Lacuna pallidula,mollusca,GoMA_census_fauna
Lacuna vincta,mollusca,GoMA_census_fauna
Lamellaria perspicua,mollusca,GoMA_census_fauna
Lepeta caeca,mollusca,GoMA_census_fauna
Leucophytia bidentata,mollusca,GoMA_census_fauna
Limacina inflata,mollusca,GoMA_census_fauna
Limacina retroversa,mollusca,GoMA_census_fauna
Limneria undata,mollusca,GoMA_census_fauna
Liostomia eburnea,mollusca,GoMA_census_fauna
Lischkeia ottoi,mollusca,GoMA_census_fauna
Lischkeia regularis,mollusca,GoMA_census_fauna
Littorina littorea,mollusca,GoMA_census_fauna
Littorina obtusata,mollusca,GoMA_census_fauna
Littorina saxatilis,mollusca,GoMA_census_fauna
Lora turricula,mollusca,GoMA_census_fauna
Lottia alveus,mollusca,GoMA_census_fauna
Lymnaea arctica,mollusca,GoMA_census_fauna
Lymnaea catascopium,mollusca,GoMA_census_fauna
Mangelia plicosa,mollusca,GoMA_census_fauna
Margarites argentatus,mollusca,GoMA_census_fauna
Margarites costalis,mollusca,GoMA_census_fauna
Margarites costalis costalis,mollusca,GoMA_census_fauna
Margarites groenlandicus,mollusca,GoMA_census_fauna
Margarites helicinus,mollusca,GoMA_census_fauna
Margarites olivaceus,mollusca,GoMA_census_fauna
Margarites striatus,mollusca,GoMA_census_fauna
Marsenina ampla,mollusca,GoMA_census_fauna
Marsenina glabra,mollusca,GoMA_census_fauna
Marshallora nigrocincta,mollusca,GoMA_census_fauna
Melampus bidentatus,mollusca,GoMA_census_fauna
Menestho albula,mollusca,GoMA_census_fauna
Mitrella dissimilis,mollusca,GoMA_census_fauna
Mitrella lunata,mollusca,GoMA_census_fauna
Mohnia abyssorum,mollusca,GoMA_census_fauna
Moelleria costulata,mollusca,GoMA_census_fauna
Myosotella myosotis,mollusca,GoMA_census_fauna
Nassarius obsoletus,mollusca,GoMA_census_fauna
Nassarius trivittatus,mollusca,GoMA_census_fauna
Neptunea despecta,mollusca,GoMA_census_fauna
Neptunea lyrata decemcostata,mollusca,GoMA_census_fauna
Neverita duplicata,mollusca,GoMA_census_fauna
Nucella lapillus,mollusca,GoMA_census_fauna
Odostomia modesta,mollusca,GoMA_census_fauna
Odostomia trifida,mollusca,GoMA_census_fauna
Oenopota bicarinata,mollusca,GoMA_census_fauna
Oenopota cancellata,mollusca,GoMA_census_fauna
Oenopota decussatus,mollusca,GoMA_census_fauna
Oenopota elegans,mollusca,GoMA_census_fauna
Oenopota gilpini,mollusca,GoMA_census_fauna
Oenopota multicostata,mollusca,GoMA_census_fauna
Oenopota pingelii,mollusca,GoMA_census_fauna
Oenopota pyramidalis,mollusca,GoMA_census_fauna
Oenopota turricula,mollusca,GoMA_census_fauna
Oenopota undata,mollusca,GoMA_census_fauna
Omalogyra atomus,mollusca,GoMA_census_fauna
Onoba aculeus,mollusca,GoMA_census_fauna
Onoba exarata,mollusca,GoMA_census_fauna
Onoba leptalea,mollusca,GoMA_census_fauna
Onoba mighelsi,mollusca,GoMA_census_fauna
Onoba pelagica,mollusca,GoMA_census_fauna
Ovatella myosotis,mollusca,GoMA_census_fauna
Periapta pandion,mollusca,GoMA_census_fauna
Physagyrina latchfordii,mollusca,GoMA_census_fauna
Physella ancillaria,mollusca,GoMA_census_fauna
Phytia myosotis,mollusca,GoMA_census_fauna
Pleurotomella packardi,mollusca,GoMA_census_fauna
Polinices heros,mollusca,GoMA_census_fauna
Polinices duplicatus,mollusca,GoMA_census_fauna
Propebela exarata,mollusca,GoMA_census_fauna
Propebela gouldii,mollusca,GoMA_census_fauna
Propebela harpularia,mollusca,GoMA_census_fauna
Propebela nobilis,mollusca,GoMA_census_fauna
Propebela rugulata,mollusca,GoMA_census_fauna
Propebela turricula,mollusca,GoMA_census_fauna
Ptychatractus ligatus,mollusca,GoMA_census_fauna
Puncturella noachina,mollusca,GoMA_census_fauna
Pussilina harpa,mollusca,GoMA_census_fauna
Pyramidella fusca,mollusca,GoMA_census_fauna
Pyramidella ventricosa,mollusca,GoMA_census_fauna
Sayella fusca,mollusca,GoMA_census_fauna
Scabrotrophon fabricii,mollusca,GoMA_census_fauna
Seguenzia monocingulata monocingulata,mollusca,GoMA_census_fauna
Skeneopsis planorbis,mollusca,GoMA_census_fauna
Solariella obscura,mollusca,GoMA_census_fauna
Spurwinkia salsa,mollusca,GoMA_census_fauna
Stiliger fuscatus,mollusca,GoMA_census_fauna
Tachyrhynchus erosus,mollusca,GoMA_census_fauna
Taranis cirrata,mollusca,GoMA_census_fauna
Torellia delicatula,mollusca,GoMA_census_fauna
Tectonatica pusilla,mollusca,GoMA_census_fauna
Tectura testudinalis,mollusca,GoMA_census_fauna
Terebra dislocata,mollusca,GoMA_census_fauna
Trichotropis borealis,mollusca,GoMA_census_fauna
Trichotropis conica,mollusca,GoMA_census_fauna
Turbonilla bushiana,mollusca,GoMA_census_fauna
Turbonilla interrupta,mollusca,GoMA_census_fauna
Turbonilla nivea,mollusca,GoMA_census_fauna
Turbonilla polita,mollusca,GoMA_census_fauna
Turritellopsis acicula,mollusca,GoMA_census_fauna
Turritellopsis stimpsoni,mollusca,GoMA_census_fauna
Unela nahantensis,mollusca,GoMA_census_fauna
Urosalpinx cinerea,mollusca,GoMA_census_fauna
Valvata sincera,mollusca,GoMA_census_fauna
Valvata tricarinata,mollusca,GoMA_census_fauna
Velutina laevigata,mollusca,GoMA_census_fauna
Velutina undata,mollusca,GoMA_census_fauna
Velutina velutina,mollusca,GoMA_census_fauna
Acteocina canaliculata,mollusca,GoMA_census_fauna
Acteocina oryza,mollusca,GoMA_census_fauna
Cylichna alba,mollusca,GoMA_census_fauna
Cylichna gouldii,mollusca,GoMA_census_fauna
Cylichna occulta,mollusca,GoMA_census_fauna
Diaphana minuta,mollusca,GoMA_census_fauna
Haminoea solitaria,mollusca,GoMA_census_fauna
Philine angulata,mollusca,GoMA_census_fauna
Philine finmarchica,mollusca,GoMA_census_fauna
Philine fragilis,mollusca,GoMA_census_fauna
Philine lima,mollusca,GoMA_census_fauna
Philine quadrata,mollusca,GoMA_census_fauna
Philine sinuata,mollusca,GoMA_census_fauna
Pyrunculus ovatus,mollusca,GoMA_census_fauna
Retusa obtusa,mollusca,GoMA_census_fauna
Retusa umbilicata,mollusca,GoMA_census_fauna
Ringicula nitida,mollusca,GoMA_census_fauna
Scaphander nobilis,mollusca,GoMA_census_fauna
Scaphander punctostriatus,mollusca,GoMA_census_fauna
Acanthodoris pilosa,mollusca,GoMA_census_fauna
Acanthodoris subquadrata,mollusca,GoMA_census_fauna
Adalaria proxima,mollusca,GoMA_census_fauna
Aeolidia papillosa,mollusca,GoMA_census_fauna
Ancula gibbosa,mollusca,GoMA_census_fauna
Cadlina laevis,mollusca,GoMA_census_fauna
Catriona aurantia,mollusca,GoMA_census_fauna
Catriona gymnota,mollusca,GoMA_census_fauna
Corambe obscura,mollusca,GoMA_census_fauna
Cratena pilata,mollusca,GoMA_census_fauna
Cuthona concinna,mollusca,GoMA_census_fauna
Cuthona gymnota,mollusca,GoMA_census_fauna
Cuthona pustulata,mollusca,GoMA_census_fauna
Cuthona veronicae,mollusca,GoMA_census_fauna
Cuthona viridis,mollusca,GoMA_census_fauna
Dendronotus robustus,mollusca,GoMA_census_fauna
Dendronotus frondosus,mollusca,GoMA_census_fauna
Doto coronata,mollusca,GoMA_census_fauna
Doto formosa,mollusca,GoMA_census_fauna
Eubranchus exiguus,mollusca,GoMA_census_fauna
Eubranchus olivaceus,mollusca,GoMA_census_fauna
Eubranchus pallidus,mollusca,GoMA_census_fauna
Eubranchus sanjuanensis,mollusca,GoMA_census_fauna
Eubranchus tricolor,mollusca,GoMA_census_fauna
Facelina bostoniensis,mollusca,GoMA_census_fauna
Flabellina gracilis,mollusca,GoMA_census_fauna
Flabellina nobilis,mollusca,GoMA_census_fauna
Flabellina pellucida,mollusca,GoMA_census_fauna
Flabellina salmonacea,mollusca,GoMA_census_fauna
Flabellina verrucosa,mollusca,GoMA_census_fauna
Issena pacifica,mollusca,GoMA_census_fauna
Lamellidoris diaphana,mollusca,GoMA_census_fauna
Lamellidoris fusca,mollusca,GoMA_census_fauna
Okenia ascidicola,mollusca,GoMA_census_fauna
Okenia pulchella,mollusca,GoMA_census_fauna
Onchidoris aspera,mollusca,GoMA_census_fauna
Onchidoris bilamellata,mollusca,GoMA_census_fauna
Onchidoris diademata,mollusca,GoMA_census_fauna
Onchidoris grisea,mollusca,GoMA_census_fauna
Onchidoris muricata,mollusca,GoMA_census_fauna
Onchidoris tenella,mollusca,GoMA_census_fauna
Palio dubia,mollusca,GoMA_census_fauna
Polycera dubia,mollusca,GoMA_census_fauna
Pseudovermis n. sp.,mollusca,GoMA_census_fauna
Tenellia fuscata,mollusca,GoMA_census_fauna
Tergipes tergipes,mollusca,GoMA_census_fauna
Abra longicallis americana,mollusca,GoMA_census_fauna
Anadara transversa,mollusca,GoMA_census_fauna
Anomia aculeata,mollusca,GoMA_census_fauna
Anomia simplex,mollusca,GoMA_census_fauna
Anomia squamula,mollusca,GoMA_census_fauna
Arctica islandica,mollusca,GoMA_census_fauna
Astarte borealis,mollusca,GoMA_census_fauna
Astarte castanea,mollusca,GoMA_census_fauna
Astarte crenata,mollusca,GoMA_census_fauna
Astarte elliptica,mollusca,GoMA_census_fauna
Astarte montagui,mollusca,GoMA_census_fauna
Astarte quadrans,mollusca,GoMA_census_fauna
Astarte subaequilatera,mollusca,GoMA_census_fauna
Astarte undata,mollusca,GoMA_census_fauna
Axinopsida orbiculata inaequalis,mollusca,GoMA_census_fauna
Barnea truncata,mollusca,GoMA_census_fauna
Bathyarca pectunculoides,mollusca,GoMA_census_fauna
Cardiomya striata,mollusca,GoMA_census_fauna
Cardita borealis,mollusca,GoMA_census_fauna
Cerastoderma pinnulatum,mollusca,GoMA_census_fauna
Chlamys islandica,mollusca,GoMA_census_fauna
Clinocardium ciliatum,mollusca,GoMA_census_fauna
Corbula swiftiana,mollusca,GoMA_census_fauna
Crassostrea virginica,mollusca,GoMA_census_fauna
Crenella decussata,mollusca,GoMA_census_fauna
Crenella faba,mollusca,GoMA_census_fauna
Crenella glandula,mollusca,GoMA_census_fauna
Cuspidaria glacialis,mollusca,GoMA_census_fauna
Cuspidaria pellucida,mollusca,GoMA_census_fauna
Cuspidaria rostrata,mollusca,GoMA_census_fauna
Cyclocardia borealis,mollusca,GoMA_census_fauna
Cyclocardia novangliae,mollusca,GoMA_census_fauna
Cyclopecten pustulosus,mollusca,GoMA_census_fauna
Cyrtodaria siliqua,mollusca,GoMA_census_fauna
Elliptio complanata,mollusca,GoMA_census_fauna
Ensis directus,mollusca,GoMA_census_fauna
Gemma gemma,mollusca,GoMA_census_fauna
Geukensia demissa,mollusca,GoMA_census_fauna
Hiatella arctica,mollusca,GoMA_census_fauna
Hiatella striata,mollusca,GoMA_census_fauna
Lampsilis radiata,mollusca,GoMA_census_fauna
Limatula subauriculata,mollusca,GoMA_census_fauna
Lucinoma filosa,mollusca,GoMA_census_fauna
Lyonsia arenosa,mollusca,GoMA_census_fauna
Lyonsia hyalina,mollusca,GoMA_census_fauna
Macoma balthica,mollusca,GoMA_census_fauna
Macoma calcarea,mollusca,GoMA_census_fauna
Macoma lama,mollusca,GoMA_census_fauna
Mactromeris polynyma,mollusca,GoMA_census_fauna
Mercenaria mercenaria,mollusca,GoMA_census_fauna
Mesodesma arctatum,mollusca,GoMA_census_fauna
Mesodesma deauratum,mollusca,GoMA_census_fauna
Modiolus modiolus,mollusca,GoMA_census_fauna
Montacuta dawsoni,mollusca,GoMA_census_fauna
Mulinia lateralis,mollusca,GoMA_census_fauna
Musculus corrugatus,mollusca,GoMA_census_fauna
Musculus discors,mollusca,GoMA_census_fauna
Musculus niger,mollusca,GoMA_census_fauna
Mya arenaria,mollusca,GoMA_census_fauna
Mya truncata,mollusca,GoMA_census_fauna
Mysella planulata,mollusca,GoMA_census_fauna
Mytilus edulis,mollusca,GoMA_census_fauna
Mytilus trossulus,mollusca,GoMA_census_fauna
Nucula delphinodonta,mollusca,GoMA_census_fauna
Nucula proxima,mollusca,GoMA_census_fauna
Ennucula tenuis,mollusca,GoMA_census_fauna
Nuculana caudata,mollusca,GoMA_census_fauna
Nuculana minuta,mollusca,GoMA_census_fauna
Nuculana tenuisulcata,mollusca,GoMA_census_fauna
Ostrea edulis,mollusca,GoMA_census_fauna
Palliolum imbrifer,mollusca,GoMA_census_fauna
Pandora glacialis,mollusca,GoMA_census_fauna
Pandora gouldiana,mollusca,GoMA_census_fauna
Pandora inornata,mollusca,GoMA_census_fauna
Pandora trilineata,mollusca,GoMA_census_fauna
Panomya arctica,mollusca,GoMA_census_fauna
Panomya norvegica,mollusca,GoMA_census_fauna
Periploma fragile,mollusca,GoMA_census_fauna
Periploma leanum,mollusca,GoMA_census_fauna
Petricola pholadiformis,mollusca,GoMA_census_fauna
Petricolaria pholadiformis,mollusca,GoMA_census_fauna
Pholas dactylus,mollusca,GoMA_census_fauna
Pitar morrhuanus,mollusca,GoMA_census_fauna
Placopecten magellanicus,mollusca,GoMA_census_fauna
Portlandia lenticula,mollusca,GoMA_census_fauna
Serripes groenlandicus,mollusca,GoMA_census_fauna
Siliqua costata,mollusca,GoMA_census_fauna
Solemya borealis,mollusca,GoMA_census_fauna
Solemya velum,mollusca,GoMA_census_fauna
Spisula solidissima,mollusca,GoMA_census_fauna
Tellina agilis,mollusca,GoMA_census_fauna
Teredo navalis,mollusca,GoMA_census_fauna
Thracia conradi,mollusca,GoMA_census_fauna
Thracia myopsis,mollusca,GoMA_census_fauna
Thracia septentrionalis,mollusca,GoMA_census_fauna
Thyasira equalis,mollusca,GoMA_census_fauna
Thyasira flexuosa,mollusca,GoMA_census_fauna
Thyasira gouldii,mollusca,GoMA_census_fauna
Thyasira pygmaea,mollusca,GoMA_census_fauna
Thyasira simplex,mollusca,GoMA_census_fauna
Thyasira trisinuata,mollusca,GoMA_census_fauna
Turtonia minuta,mollusca,GoMA_census_fauna
Xylophaga atlantica,mollusca,GoMA_census_fauna
Yoldia amygdalea,mollusca,GoMA_census_fauna
Yoldia limatula,mollusca,GoMA_census_fauna
Yoldia myalis,mollusca,GoMA_census_fauna
Yoldia sapotilla,mollusca,GoMA_census_fauna
Yoldia thraciaeformis,mollusca,GoMA_census_fauna
Yoldiella nana,mollusca,GoMA_census_fauna
Zirfaea crispata,mollusca,GoMA_census_fauna
Bathypolypus arcticus,mollusca,GoMA_census_fauna
Bathypolypus bairdii,mollusca,GoMA_census_fauna
Benthoctopus piscatorum,mollusca,GoMA_census_fauna
Chiroteuthis veranyi lacertosa,mollusca,GoMA_census_fauna
Graneledone verrucosa,mollusca,GoMA_census_fauna
Histioteuthis bonnellii,mollusca,GoMA_census_fauna
Illex illecebrosus,mollusca,GoMA_census_fauna
Loligo pealeii,mollusca,GoMA_census_fauna
Mastigoteuthis agassizii,mollusca,GoMA_census_fauna
Rossia megaptera,mollusca,GoMA_census_fauna
Rossia palpebrosa,mollusca,GoMA_census_fauna
Semirossia tenera,mollusca,GoMA_census_fauna
Stauroteuthis syrtensis,mollusca,GoMA_census_fauna
Stoloteuthis leucoptera,mollusca,GoMA_census_fauna
Antalis entale stimpsoni,mollusca,GoMA_census_fauna
Antalis subagile,mollusca,GoMA_census_fauna
Antalis occidentale,mollusca,GoMA_census_fauna
Cadulus rushii,mollusca,GoMA_census_fauna
Siphonodentalium lobatum,mollusca,GoMA_census_fauna
Adoncholaimus fuscus,nematoda,GoMA_census_fauna
Anisakis simplex,nematoda,GoMA_census_fauna
Anoplostoma blanchardi,nematoda,GoMA_census_fauna
Anticoma sp.,nematoda,GoMA_census_fauna
Calyptronema sp.,nematoda,GoMA_census_fauna
Chromadorina germanica,nematoda,GoMA_census_fauna
Chromaspirina thieryi,nematoda,GoMA_census_fauna
Cylindrotheristus oxycercus,nematoda,GoMA_census_fauna
Cylindrotheristus oxyuroides,nematoda,GoMA_census_fauna
Desmodora luticola,nematoda,GoMA_census_fauna
Dichromadora scandula,nematoda,GoMA_census_fauna
Dioctophyma renale,nematoda,GoMA_census_fauna
Enoploides sp.,nematoda,GoMA_census_fauna
Enoplus anisospiculus,nematoda,GoMA_census_fauna
Eudorylaimus sp.,nematoda,GoMA_census_fauna
Haliplectus cylindrocaudatus,nematoda,GoMA_census_fauna
Illium sp.,nematoda,GoMA_census_fauna
Leptolaimus sp.,nematoda,GoMA_census_fauna
Mesotheristus setosus,nematoda,GoMA_census_fauna
Metachromadoroides remanei,nematoda,GoMA_census_fauna
Metanisakis rotundatum,nematoda,GoMA_census_fauna
Microlaimus sp.,nematoda,GoMA_census_fauna
Monhystera disjuncta,nematoda,GoMA_census_fauna
Monhystera macrura,nematoda,GoMA_census_fauna
Oncholaimus nigrocephalatus,nematoda,GoMA_census_fauna
Paracanthonchus sp.,nematoda,GoMA_census_fauna
Pontonema vacillatum,nematoda,GoMA_census_fauna
Pontonema vulgare,nematoda,GoMA_census_fauna
Ptycholaimellus sp.,nematoda,GoMA_census_fauna
Spirinia sp.,nematoda,GoMA_census_fauna
Syringolaimus striatocaudatus,nematoda,GoMA_census_fauna
Thalassoalaimus sp.,nematoda,GoMA_census_fauna
Theristus procerus,nematoda,GoMA_census_fauna
Theristus acer,nematoda,GoMA_census_fauna
Tripyloides sp.,nematoda,GoMA_census_fauna
Viscosia sp.,nematoda,GoMA_census_fauna
Ascarophis filiformis,nematoda,GoMA_census_fauna
Rhabditis sp.,nematoda,GoMA_census_fauna
Pseudoterranova decipiens,nematoda,GoMA_census_fauna
Thynnascaris aduncum,nematoda,GoMA_census_fauna
Thynnascaris thynnascans,nematoda,GoMA_census_fauna
Truttaedacnitis sphaeracephala,nematoda,GoMA_census_fauna
Nectonema agile,nematomorpha,GoMA_census_fauna
Amphiporus angulatus,nemertea,GoMA_census_fauna
Amphiporus bioculatus,nemertea,GoMA_census_fauna
Amphiporus caecus,nemertea,GoMA_census_fauna
Amphiporus frontalis,nemertea,GoMA_census_fauna
Amphiporus griseus,nemertea,GoMA_census_fauna
Amphiporus groenlandicus,nemertea,GoMA_census_fauna
Amphiporus heterosorus,nemertea,GoMA_census_fauna
Amphiporus lactifloreus,nemertea,GoMA_census_fauna
Amphiporus ochraceus,nemertea,GoMA_census_fauna
Carcinonemertes carinophila,nemertea,GoMA_census_fauna
Cephalothrix linearis,nemertea,GoMA_census_fauna
Cerebratulus fuscus,nemertea,GoMA_census_fauna
Cerebratulus lacteus,nemertea,GoMA_census_fauna
Cerebratulus luridus,nemertea,GoMA_census_fauna
Cerebratulus marginatus,nemertea,GoMA_census_fauna
Cyanophthalma cordiceps,nemertea,GoMA_census_fauna
Cyanophthalma obscura,nemertea,GoMA_census_fauna
Cyanophthalma vittata,nemertea,GoMA_census_fauna
Drepanophorus lankesteri,nemertea,GoMA_census_fauna
Fragilonemertes rosea,nemertea,GoMA_census_fauna
Lineus arenicola,nemertea,GoMA_census_fauna
Lineus bicolor,nemertea,GoMA_census_fauna
Lineus ruber,nemertea,GoMA_census_fauna
Lineus sanguineus,nemertea,GoMA_census_fauna
Lineus viridis,nemertea,GoMA_census_fauna
Malacobdella grossa,nemertea,GoMA_census_fauna
Micrura affinis,nemertea,GoMA_census_fauna
Micrura dorsalis,nemertea,GoMA_census_fauna
Nipponnemertes pulcher,nemertea,GoMA_census_fauna
Oerstedia dorsalis,nemertea,GoMA_census_fauna
Procephalothrix spiralis,nemertea,GoMA_census_fauna
Ramphogordius sanguineus,nemertea,GoMA_census_fauna
Rhamphogordius sanguineus,nemertea,GoMA_census_fauna
Tetrastemma candidum,nemertea,GoMA_census_fauna
Tetrastemma elegans,nemertea,GoMA_census_fauna
Tetrastemma vermiculus,nemertea,GoMA_census_fauna
Tetrastemma vittatum,nemertea,GoMA_census_fauna
Zygonemertes virescens,nemertea,GoMA_census_fauna
Phoronis architecta,phoronida,GoMA_census_fauna
Alaurina composita,platyhelminthes,GoMA_census_fauna
Anaperus gardineri,platyhelminthes,GoMA_census_fauna
Aphanostoma sanguineum,platyhelminthes,GoMA_census_fauna
Astrotorhynchus bifidus,platyhelminthes,GoMA_census_fauna
Bdelloura candida,platyhelminthes,GoMA_census_fauna
Bothriomolus balticus,platyhelminthes,GoMA_census_fauna
Cirrifera cirrifera,platyhelminthes,GoMA_census_fauna
Coelogynopora erotica,platyhelminthes,GoMA_census_fauna
Coelogynopora schulzii,platyhelminthes,GoMA_census_fauna
Conaperta hortulus,platyhelminthes,GoMA_census_fauna
Discocelides ellipsoides,platyhelminthes,GoMA_census_fauna
Foviella affinis,platyhelminthes,GoMA_census_fauna
Itaspiella armata,platyhelminthes,GoMA_census_fauna
Leptoplana ellipsoides,platyhelminthes,GoMA_census_fauna
Leptoplana variabilis,platyhelminthes,GoMA_census_fauna
Micropharynx parasitica,platyhelminthes,GoMA_census_fauna
Monocelis durhami,platyhelminthes,GoMA_census_fauna
Myopea caleum,platyhelminthes,GoMA_census_fauna
Notoplana atomata,platyhelminthes,GoMA_census_fauna
Otocelis sandara,platyhelminthes,GoMA_census_fauna
Paedomecynostomun bruneum,platyhelminthes,GoMA_census_fauna
Paramacrostomum tricladoides,platyhelminthes,GoMA_census_fauna
Philocelis brueggemanni,platyhelminthes,GoMA_census_fauna
Plagiostomum album,platyhelminthes,GoMA_census_fauna
Polychoerus caudatus,platyhelminthes,GoMA_census_fauna
Praeaphanostoma wadsworthi,platyhelminthes,GoMA_census_fauna
Praeconvoluta tigrina,platyhelminthes,GoMA_census_fauna
Praeconvoluta tornuva,platyhelminthes,GoMA_census_fauna
Procerodes littoralis,platyhelminthes,GoMA_census_fauna
Spathebothrium simplex,platyhelminthes,GoMA_census_fauna
Synoelidium pellucidum,platyhelminthes,GoMA_census_fauna
Trigonoporus folium,platyhelminthes,GoMA_census_fauna
Diclidophora denticulata,platyhelminthes,GoMA_census_fauna
Diclidophoroides maccallumi,platyhelminthes,GoMA_census_fauna
Discocotyle sagittata,platyhelminthes,GoMA_census_fauna
Entobdella curvunca,platyhelminthes,GoMA_census_fauna
Entobdella hippoglossi,platyhelminthes,GoMA_census_fauna
Gyrodactylus adspersi,platyhelminthes,GoMA_census_fauna
Gyrodactylus groenlandicus,platyhelminthes,GoMA_census_fauna
Gyrodactylus pleuronecti,platyhelminthes,GoMA_census_fauna
Gyrodactylus salmonis,platyhelminthes,GoMA_census_fauna
Anthocotyle merluccii,platyhelminthes,GoMA_census_fauna
Capsala martinierei,platyhelminthes,GoMA_census_fauna
Cryptocotyle lingua,platyhelminthes,GoMA_census_fauna
Derogenes varicus,platyhelminthes,GoMA_census_fauna
Deropristus inflata,platyhelminthes,GoMA_census_fauna
Diclybothrium armatum,platyhelminthes,GoMA_census_fauna
Fundulotrema prolongis,platyhelminthes,GoMA_census_fauna
Hemiurus levinseni,platyhelminthes,GoMA_census_fauna
Laminiscus gussevi,platyhelminthes,GoMA_census_fauna
Lecithaster gibbosus,platyhelminthes,GoMA_census_fauna
Lepidapedon elongatum,platyhelminthes,GoMA_census_fauna
Lepidapedon rachion,platyhelminthes,GoMA_census_fauna
Lepidophyllum appyi,platyhelminthes,GoMA_census_fauna
Lepidophyllum steenstrupi,platyhelminthes,GoMA_census_fauna
Microcotyle pomatomi,platyhelminthes,GoMA_census_fauna
Microcotyle poronoti,platyhelminthes,GoMA_census_fauna
Microphallus sp.,platyhelminthes,GoMA_census_fauna
Neochildia fusca,platyhelminthes,GoMA_census_fauna
Nitzia superba,platyhelminthes,GoMA_census_fauna
Nitzschia sturionis,platyhelminthes,GoMA_census_fauna
Otodistomum veliporum,platyhelminthes,GoMA_census_fauna
Parorchis ocanthus,platyhelminthes,GoMA_census_fauna
Podocotyle atomon,platyhelminthes,GoMA_census_fauna
Prosorhynchus crucibulum,platyhelminthes,GoMA_census_fauna
Pseudanthocotyla sp.,platyhelminthes,GoMA_census_fauna
Salsuginus angularis,platyhelminthes,GoMA_census_fauna
Salsuginus fundulus,platyhelminthes,GoMA_census_fauna
Stephanostomum baccatum,platyhelminthes,GoMA_census_fauna
Squalonchocotyle abbreviata,platyhelminthes,GoMA_census_fauna
Udonella caligorum,platyhelminthes,GoMA_census_fauna
Abothrium gadi,platyhelminthes,GoMA_census_fauna
Grillotia erinaceus,platyhelminthes,GoMA_census_fauna
Trilocularia acanthiae,platyhelminthes,GoMA_census_fauna
Leucosolenia botryoides,porifera,GoMA_census_fauna
Leucosolenia cancellata,porifera,GoMA_census_fauna
Sycon ciliatum,porifera,GoMA_census_fauna
Scypha ciliata,porifera,GoMA_census_fauna
Amphilectus lobata,porifera,GoMA_census_fauna
Chalinula loosanoffi,porifera,GoMA_census_fauna
Clathria prolifera,porifera,GoMA_census_fauna
Cliona celata,porifera,GoMA_census_fauna
Crella rosea,porifera,GoMA_census_fauna
Halichondria bowerbanki,porifera,GoMA_census_fauna
Halichondria panicea,porifera,GoMA_census_fauna
Halichondria sitiens,porifera,GoMA_census_fauna
Haliclona canaliculata,porifera,GoMA_census_fauna
Haliclona oculata,porifera,GoMA_census_fauna
Haliclona permollis,porifera,GoMA_census_fauna
Halisarca dujardini,porifera,GoMA_census_fauna
Hymedesmia canadensis,porifera,GoMA_census_fauna
Hymeniacidon heliophila,porifera,GoMA_census_fauna
Iophon pattersoni,porifera,GoMA_census_fauna
Iophon nigricans,porifera,GoMA_census_fauna
Isodictya deichmannae,porifera,GoMA_census_fauna
Isodictya palmata,porifera,GoMA_census_fauna
Melonanchora elliptica,porifera,GoMA_census_fauna
Microciona prolifera,porifera,GoMA_census_fauna
Mycale lingua,porifera,GoMA_census_fauna
Myxilla fimbriata,porifera,GoMA_census_fauna
Pione vastifica,porifera,GoMA_census_fauna
Polymastia robusta,porifera,GoMA_census_fauna
Prosuberites epiphytum,porifera,GoMA_census_fauna
Suberites ficus,porifera,GoMA_census_fauna
Tedania suctoria,porifera,GoMA_census_fauna
Topsentia genitrix,porifera,GoMA_census_fauna
Priapulus caudatus,priapula,GoMA_census_fauna
Synchaeta johanseni,rotifera,GoMA_census_fauna
Trichocerca stylata,rotifera,GoMA_census_fauna
Seison annulatus,rotifera,GoMA_census_fauna
Seison nebaliae,rotifera,GoMA_census_fauna
Golfingia margaritacea margaritacea,annelida,GoMA_census_fauna
Golfingia minuta,annelida,GoMA_census_fauna
Nephasoma diaphanes,annelida,GoMA_census_fauna
Nephasoma diaphanes diaphanes,annelida,GoMA_census_fauna
Nephasoma eremita,annelida,GoMA_census_fauna
Phascolion strombi,annelida,GoMA_census_fauna
Phascolopsis gouldi,annelida,GoMA_census_fauna